"Census Tract","County","State","GEOID","NAME","total_populationE","total_populationM","total_hous_unitsE","total_hous_unitsM","total_occ_hous_unitsE","total_occ_hous_unitsM","total_vac_hous_unitsE","total_vac_hous_unitsM","total_own_occ_unitsE","total_own_occ_unitsM","total_rent_occ_unitsE","total_rent_occ_unitsM","total_for_rent_unitsE","total_for_rent_unitsM","total_rented_non_occE","total_rented_non_occM","total_for_sale_unitsE","total_for_sale_unitsM","total_sold_non_occ_unitsE","total_sold_non_occ_unitsM","med_rent_over_incomeE","med_rent_over_incomeM","owner_hous_val_25th_perE","owner_hous_val_25th_perM","owner_hous_val_50th_perE","owner_hous_val_50th_perM","owner_hous_val_75th_perE","owner_hous_val_75th_perM","med_owner_cost_mortgE","med_owner_cost_mortgM","med_owner_cost_no_mortgE","med_owner_cost_no_mortgM","med_cost_over_income_mortgE","med_cost_over_income_mortgM","med_cost_over_income_no_mortgE","med_cost_over_income_no_mortgM","med_hous_costE","med_hous_costM","med_fam_incomeE","med_fam_incomeM","med_non_fam_incomeE","med_non_fam_incomeM","med_rent_0_bedE","med_rent_0_bedM","med_rent_1_bedE","med_rent_1_bedM","med_rent_2_bedE","med_rent_2_bedM","med_rent_3_bedE","med_rent_3_bedM","med_rent_4_bedE","med_rent_4_bedM","med_rent_5_plus_bedE","med_rent_5_plus_bedM","med_rentE","med_rentM","tot_whiteE","tot_whiteM","tot_blackE","tot_blackM","tot_nativeE","tot_nativeM","tot_asianE","tot_asianM","tot_pacificE","tot_pacificM","tot_otherE","tot_otherM","tot_two_plusE","tot_two_plusM","median_ageE","median_ageM","median_male_ageE","median_male_ageM","median_female_ageE","median_female_ageM","tot_householdsE","tot_householdsM","family_householdsE","family_householdsM","family_married_householdsE","family_married_householdsM","family_other_householdsE","family_other_householdsM","non_family_householdsE","non_family_householdsM","non_family_households_aloneE","non_family_households_aloneM","non_family_households_not_aloneE","non_family_households_not_aloneM","two_person_familyE","two_person_familyM","three_person_familyE","three_person_familyM","four_person_familyE","four_person_familyM","five_person_familyE","five_person_familyM","six_person_familyE","six_person_familyM","seven_plus_person_familyE","seven_plus_person_familyM","one_person_nonfamilyE","one_person_nonfamilyM","two_person_nonfamilyE","two_person_nonfamilyM","three_person_nonfamilyE","three_person_nonfamilyM","four_person_nonfamilyE","four_person_nonfamilyM","five_person_nonfamilyE","five_person_nonfamilyM","six_person_nonfamilyE","six_person_nonfamilyM","seven_plus_person_nonfamilyE","seven_plus_person_nonfamilyM","labor_forceE","labor_forceM","civilian_labor_forceE","civilian_labor_forceM","civilian_labor_force_employE","civilian_labor_force_employM","civilian_labor_force_unemployE","civilian_labor_force_unemployM","military_labor_forceE","military_labor_forceM","non_labor_forceE","non_labor_forceM","agg_income_deficitE","agg_income_deficitM","agg_income_deficit_marriedE","agg_income_deficit_marriedM","agg_income_deficit_nonmarriedE","agg_income_deficit_nonmarriedM","agg_income_deficit_no_wifeE","agg_income_deficit_no_wifeM","agg_income_deficit_no_husbandE","agg_income_deficit_no_husbandM","median_household_incomeE","median_household_incomeM","median_hh_income_ownE","median_hh_income_ownM","median_hh_income_rentE","median_hh_income_rentM","no_schooling_completedE","no_schooling_completedM","nursery_schoolE","nursery_schoolM","kindergartenE","kindergartenM","first_gradeE","first_gradeM","second_gradeE","second_gradeM","third_gradeE","third_gradeM","fourth_gradeE","fourth_gradeM","fifth_gradeE","fifth_gradeM","sixth_gradeE","sixth_gradeM","seventh_gradeE","seventh_gradeM","eigth_gradeE","eigth_gradeM","ninth_gradeE","ninth_gradeM","tenth_gradeE","tenth_gradeM","eleventh_gradeE","eleventh_gradeM","twelfth_grade_no_diplomaE","twelfth_grade_no_diplomaM","regular_high_school_diplomaE","regular_high_school_diplomaM","ged_or_alternative_credentialE","ged_or_alternative_credentialM","some_college_less_than_1_yearE","some_college_less_than_1_yearM","some_college_1_or_more_years_no_degreeE","some_college_1_or_more_years_no_degreeM","associates_degreeE","associates_degreeM","bachelors_degreeE","bachelors_degreeM","masters_degreeE","masters_degreeM","professional_school_degreeE","professional_school_degreeM","doctorate_degreeE","doctorate_degreeM","commute_car_truck_or_vanE","commute_car_truck_or_vanM","commute_drove_aloneE","commute_drove_aloneM","commute_carpooledE","commute_carpooledM","commute_in_2_person_carpoolE","commute_in_2_person_carpoolM","commute_in_3_person_carpoolE","commute_in_3_person_carpoolM","commute_in_4_person_carpoolE","commute_in_4_person_carpoolM","commute_in_5_or_6_person_carpoolE","commute_in_5_or_6_person_carpoolM","commute_in_7_or_more_person_carpoolE","commute_in_7_or_more_person_carpoolM","commute_public_transportation_excluding_taxicabE","commute_public_transportation_excluding_taxicabM","commute_bus_or_trolley_busE","commute_bus_or_trolley_busM","commute_streetcar_or_trolley_carE","commute_streetcar_or_trolley_carM","commute_subway_or_elevatedE","commute_subway_or_elevatedM","commute_railroadE","commute_railroadM","commute_ferryboatE","commute_ferryboatM","commute_taxicabE","commute_taxicabM","commute_motorcycleE","commute_motorcycleM","commute_bicycleE","commute_bicycleM","commute_walkedE","commute_walkedM","commute_other_meansE","commute_other_meansM","commute_worked_at_homeE","commute_worked_at_homeM","hh_income_less_than_10000E","hh_income_less_than_10000M","hh_income_10000_to_14999E","hh_income_10000_to_14999M","hh_income_15000_to_19999E","hh_income_15000_to_19999M","hh_income_20000_to_24999E","hh_income_20000_to_24999M","hh_income_25000_to_29999E","hh_income_25000_to_29999M","hh_income_30000_to_34999E","hh_income_30000_to_34999M","hh_income_35000_to_39999E","hh_income_35000_to_39999M","hh_income_40000_to_44999E","hh_income_40000_to_44999M","hh_income_45000_to_49999E","hh_income_45000_to_49999M","hh_income_50000_to_59999E","hh_income_50000_to_59999M","hh_income_60000_to_74999E","hh_income_60000_to_74999M","hh_income_75000_to_99999E","hh_income_75000_to_99999M","hh_income_100000_to_124999E","hh_income_100000_to_124999M","hh_income_125000_to_149999E","hh_income_125000_to_149999M","hh_income_150000_to_199999E","hh_income_150000_to_199999M","hh_income_200_000_or_moreE","hh_income_200_000_or_moreM","workers_no_vehicle_availableE","workers_no_vehicle_availableM","workers_1_vehicle_availableE","workers_1_vehicle_availableM","workers_2_vehicles_availableE","workers_2_vehicles_availableM","workers_3_vehicles_availableE","workers_3_vehicles_availableM","workers_4_vehicles_availableE","workers_4_vehicles_availableM","workers_5_plus_vehicles_availableE","workers_5_plus_vehicles_availableM"
"Census Tract 8","St. Joseph County","Indiana","18141000800","Census Tract 8, St. Joseph County, Indiana",1802,120,798,30,737,43,61,34,602,45,135,40,5,7,0,11,5,8,0,11,23.8,6.4,99900,11630,146800,15420,193400,15721,1105,92,407,37,13.4,1.2,9,NA,881,85,94500,21726,52279,10916,NA,NA,655,236,NA,NA,1438,423,NA,NA,NA,NA,1063,273,1685,127,60,45,0,11,19,15,0,11,8,11,30,27,35.6,2.4,32.3,4.2,38.9,4.2,737,43,434,48,382,48,52,31,303,55,226,48,77,41,218,49,93,30,77,27,8,9,28,14,10,11,226,48,56,39,21,19,0,11,0,11,0,11,0,11,1046,105,1046,105,993,100,53,33,0,11,373,71,NA,NA,NA,NA,NA,NA,NA,NA,NA,NA,82566,10438,88456,7951,53359,31115,0,11,0,11,0,11,0,11,0,11,0,11,0,11,0,11,0,11,0,11,7,10,0,11,0,11,8,11,16,14,55,29,0,11,55,27,159,60,44,25,292,66,328,63,69,41,160,54,804,106,697,115,107,52,94,51,7,10,6,9,0,11,0,11,22,24,22,24,0,11,0,11,0,11,0,11,0,11,0,11,47,23,69,28,0,11,36,21,34,26,0,11,19,13,52,35,34,23,11,12,29,20,28,19,16,15,58,32,67,23,149,50,48,28,80,29,33,17,79,29,39,31,165,37,577,96,146,88,37,31,14,20
"Census Tract 16","St. Joseph County","Indiana","18141001600","Census Tract 16, St. Joseph County, Indiana",2084,163,925,36,809,57,116,51,725,62,84,34,13,21,24,27,15,20,0,11,31.7,21.4,106300,9726,150200,8766,213500,40013,1198,74,431,45,14.9,1.8,9,NA,1028,81,110192,12113,42188,11334,NA,NA,NA,NA,1067,143,1300,450,NA,NA,NA,NA,1095,132,1950,173,89,61,16,18,5,8,0,11,0,11,24,17,43.5,2.5,43.8,4,43.3,3.4,809,57,554,59,452,50,102,46,255,57,233,53,22,16,294,58,120,49,62,28,57,22,15,11,6,9,233,53,22,16,0,11,0,11,0,11,0,11,0,11,1107,107,1101,106,1095,103,6,8,6,8,534,90,NA,NA,NA,NA,NA,NA,NA,NA,NA,NA,83750,13922,90972,16176,50357,37852,0,11,0,11,0,11,0,11,0,11,0,11,0,11,0,11,0,11,0,11,28,29,0,11,23,28,10,20,0,11,236,77,12,13,60,30,139,50,82,34,434,103,232,53,120,40,125,39,964,102,888,96,76,35,60,26,0,11,0,11,0,11,16,24,6,9,0,11,0,11,6,9,0,11,0,11,0,11,0,11,11,12,30,25,7,10,67,34,11,11,8,9,19,16,28,19,27,21,47,32,11,11,48,31,26,18,69,36,73,31,111,36,89,35,49,25,98,36,95,29,13,14,266,75,644,111,150,56,12,17,0,11
"Census Tract 25","St. Joseph County","Indiana","18141002500","Census Tract 25, St. Joseph County, Indiana",2645,240,814,44,781,54,33,34,544,66,237,70,16,24,0,11,0,11,17,25,26.9,4.3,47000,6564,72800,5553,89700,7430,854,60,283,14,25.4,8.1,9,NA,728,94,39899,8442,24907,6365,NA,NA,640,134,826,68,856,86,919,51,NA,NA,849,53,1345,237,736,205,0,11,0,11,0,11,256,143,308,161,33.1,2.6,33.5,3.1,32.8,3.9,781,54,589,72,364,64,225,61,192,68,145,59,47,34,221,62,66,44,136,59,105,53,61,35,0,11,145,59,47,34,0,11,0,11,0,11,0,11,0,11,1175,129,1175,129,1086,107,89,90,0,11,737,159,NA,NA,NA,NA,NA,NA,NA,NA,NA,NA,39571,3767,40625,5925,36893,5746,15,17,0,11,0,11,14,18,0,11,38,39,0,11,13,16,20,28,33,32,86,58,27,24,66,47,142,101,5,8,462,149,154,75,141,67,233,100,106,52,87,47,18,22,5,8,0,11,1033,103,919,99,114,64,114,64,0,11,0,11,0,11,0,11,10,12,10,12,0,11,0,11,0,11,0,11,0,11,0,11,0,11,27,27,0,11,0,11,58,38,22,26,31,33,84,51,32,24,49,31,126,54,78,42,15,14,108,40,50,29,36,20,53,36,39,34,0,11,0,11,26,29,228,97,355,110,370,116,91,65,0,11
"Census Tract 101","St. Joseph County","Indiana","18141010100","Census Tract 101, St. Joseph County, Indiana",2732,264,1267,44,1076,92,191,89,800,105,276,84,17,24,0,11,0,11,39,51,23.1,2.5,55800,7700,67800,3095,84000,5421,767,69,294,34,19.1,4.8,14.2,4,704,47,46958,5960,29766,10585,NA,NA,NA,NA,794,43,935,123,NA,NA,NA,NA,847,67,2530,263,52,53,10,17,29,28,0,11,0,11,111,81,37.6,4.1,33.5,4.6,41,2.2,1076,92,569,75,414,80,155,62,507,86,398,80,109,51,242,73,75,44,138,70,76,38,16,19,22,23,398,80,109,51,0,11,0,11,0,11,0,11,0,11,1365,202,1365,202,1306,197,59,53,0,11,843,134,1672700,854284,1006700,767824,666000,565507,NA,NA,666000,565507,41500,4436,39922,6313,42784,10460,11,17,0,11,0,11,0,11,0,11,0,11,0,11,16,25,0,11,11,16,14,22,12,14,93,55,89,56,62,42,572,121,166,85,123,55,208,85,188,81,267,118,53,40,0,11,0,11,1228,195,1094,185,134,69,107,64,7,12,20,21,0,11,0,11,7,10,7,10,0,11,0,11,0,11,0,11,0,11,0,11,0,11,0,11,32,42,17,27,82,43,46,31,115,51,95,54,93,47,24,22,56,42,114,63,60,34,83,40,64,44,176,67,17,22,17,18,0,11,34,52,19,20,292,86,650,185,178,131,134,180,11,17
"Census Tract 102","St. Joseph County","Indiana","18141010200","Census Tract 102, St. Joseph County, Indiana",5457,520,2856,88,2404,171,452,178,1330,161,1074,185,129,110,0,16,75,76,0,16,31.3,5.4,63500,5321,77900,4694,101300,12881,809,126,330,41,18.6,2.8,9,NA,657,48,52778,12966,24016,5312,488,95,582,61,802,151,1061,132,NA,NA,NA,NA,645,115,4941,464,342,208,0,16,57,84,0,16,0,16,117,124,40,6.2,35,8.2,46.4,10.2,2404,171,1014,168,725,166,289,102,1390,218,1172,221,218,120,335,132,272,138,208,92,90,61,70,49,39,35,1172,221,218,120,0,16,0,16,0,16,0,16,0,16,2744,336,2744,336,2500,331,244,117,0,16,1523,287,1693700,1465291,945300,1263944,748400,789716,NA,NA,748400,789716,38050,6211,50822,5748,22365,5482,0,16,0,16,17,27,0,16,0,16,0,16,0,16,10,17,0,16,0,16,112,90,118,70,286,153,210,98,66,73,1222,263,258,125,263,104,624,249,206,114,355,167,87,74,13,21,0,16,2284,330,2053,336,231,127,174,106,0,16,57,88,0,16,0,16,31,42,31,42,0,16,0,16,0,16,0,16,0,16,0,16,0,16,15,24,22,32,21,34,205,90,145,102,268,131,270,134,87,57,160,121,106,78,199,93,79,63,324,119,102,53,335,123,15,24,97,73,12,19,0,16,20,33,882,261,911,268,230,119,202,144,128,124
"Census Tract 121","St. Joseph County","Indiana","18141012100","Census Tract 121, St. Joseph County, Indiana",3823,37,1591,77,1480,78,111,57,1158,106,322,99,9,13,0,11,26,29,8,14,31,8.5,86800,6477,139400,13925,204000,18665,1126,62,428,45,19.6,1.9,9,NA,786,81,68813,8683,27619,9748,NA,NA,431,238,617,139,NA,NA,989,498,NA,NA,624,34,3773,55,0,11,0,11,7,9,0,11,31,37,12,20,39.3,2.6,38.1,5.5,40.5,2.4,1480,78,1074,72,874,79,200,55,406,98,358,92,48,42,503,85,261,62,175,61,92,44,35,22,8,12,358,92,24,21,22,35,2,5,0,11,0,11,0,11,1892,121,1864,122,1822,120,42,28,28,37,1080,123,1005000,476993,75800,88491,929200,462016,NA,NA,929200,462016,59441,3286,68125,5347,20250,2714,5,7,0,11,0,11,0,11,0,11,0,11,0,11,0,11,0,11,0,11,40,30,27,32,31,17,47,34,17,16,818,126,162,68,179,73,373,104,285,90,428,147,116,48,11,17,3,5,1746,136,1641,140,105,41,81,34,24,19,0,11,0,11,0,11,3,5,3,5,0,11,0,11,0,11,0,11,0,11,0,11,0,11,5,7,0,11,71,44,137,51,52,32,61,33,92,39,50,32,57,32,39,27,63,35,59,29,149,71,199,73,210,76,119,55,111,57,60,39,22,17,3,5,135,51,838,203,444,155,284,119,121,70
"Census Tract 31","St. Joseph County","Indiana","18141003100","Census Tract 31, St. Joseph County, Indiana",3780,446,1571,69,1185,105,386,100,690,131,495,132,203,108,0,11,0,11,0,11,41.2,15.4,33500,3116,49200,8085,72700,11394,799,74,304,28,20,6.7,10.6,2.5,723,42,38836,8291,28721,5329,NA,NA,NA,NA,766,112,782,46,920,198,NA,NA,778,41,2734,427,481,338,6,9,142,116,0,11,199,124,218,137,26.2,4.3,26.1,5.5,27.5,7,1185,105,759,112,334,103,425,117,426,90,325,87,101,53,267,87,312,83,160,89,20,20,0,11,0,11,325,87,66,37,30,42,5,8,0,11,0,11,0,11,1986,252,1986,252,1852,243,134,75,0,11,1059,266,NA,NA,NA,NA,NA,NA,NA,NA,NA,NA,38414,2953,45000,17704,25096,11463,17,19,0,11,0,11,0,11,0,11,0,11,0,11,0,11,0,11,0,11,10,14,19,21,6,11,70,60,25,29,666,158,234,113,128,61,184,77,281,112,229,111,73,42,0,11,25,27,1574,212,1449,213,125,77,89,64,24,37,0,11,12,18,0,11,0,11,0,11,0,11,0,11,0,11,0,11,0,11,0,11,0,11,186,134,0,11,65,47,72,49,145,73,105,64,46,48,101,45,53,46,172,76,43,26,50,47,108,62,82,64,141,65,27,27,15,15,25,38,0,11,64,51,490,134,576,179,241,162,145,123,15,41
"Census Tract 113.03","St. Joseph County","Indiana","18141011303","Census Tract 113.03, St. Joseph County, Indiana",6062,426,2639,175,2423,188,216,129,1876,164,547,178,0,16,0,16,0,16,0,16,26.4,7.4,86400,10932,110100,6435,146300,11871,894,124,294,33,20.4,3,9,NA,706,60,64193,9550,27321,10966,NA,NA,NA,NA,792,37,884,314,NA,NA,NA,NA,806,58,5024,412,766,236,17,26,51,66,0,16,138,135,66,63,42,4.6,40.3,4.5,44.3,3.7,2423,188,1567,148,1229,160,338,139,856,189,669,170,187,108,766,172,382,152,292,117,83,61,44,41,0,16,669,170,169,104,18,28,0,16,0,16,0,16,0,16,3081,304,3081,304,2917,323,164,118,0,16,1952,349,NA,NA,NA,NA,NA,NA,NA,NA,NA,NA,53285,10716,62734,7831,40685,25213,67,68,0,16,0,16,0,16,0,16,7,16,24,34,0,16,8,15,0,16,18,26,14,23,144,124,173,159,122,71,1221,248,249,133,284,124,570,157,471,201,587,199,356,162,32,37,29,36,2673,343,2459,352,214,157,187,152,27,43,0,16,0,16,0,16,36,38,36,38,0,16,0,16,0,16,0,16,0,16,0,16,0,16,16,28,40,46,109,86,295,186,87,68,93,57,95,55,121,97,99,72,110,63,149,76,149,117,180,85,335,138,321,117,225,105,81,68,25,27,58,42,51,48,572,231,1393,369,699,252,99,108,54,83
"Census Tract 122","St. Joseph County","Indiana","18141012200","Census Tract 122, St. Joseph County, Indiana",3171,121,1338,69,1246,74,92,59,962,78,284,55,10,16,0,11,0,11,18,19,29.9,7.5,81700,5339,121000,9497,191900,47900,1026,71,393,24,18.2,1.4,12.8,3,745,41,71217,5635,27019,9848,NA,NA,560,163,688,48,716,114,NA,NA,NA,NA,679,25,3106,121,0,11,11,10,5,7,0,11,39,44,10,15,41.2,1.8,43.9,3.5,40.1,2.2,1246,74,857,64,703,68,154,50,389,73,389,73,0,11,440,74,173,46,130,40,65,31,16,13,33,17,389,73,0,11,0,11,0,11,0,11,0,11,0,11,1706,134,1706,134,1566,115,140,68,0,11,783,108,NA,NA,NA,NA,NA,NA,NA,NA,NA,NA,53952,8052,65000,9343,26548,13615,34,29,0,11,0,11,0,11,0,11,0,11,3,5,3,6,3,5,0,11,18,31,40,41,67,35,61,35,32,26,635,100,164,47,143,52,360,74,231,59,229,54,95,38,12,10,7,8,1338,99,1220,104,118,51,115,51,3,4,0,11,0,11,0,11,5,7,5,7,0,11,0,11,0,11,0,11,0,11,21,22,13,13,55,30,75,48,17,21,33,18,78,39,128,56,61,32,56,31,59,25,52,28,71,41,57,32,87,37,154,46,164,51,97,41,83,44,62,35,4,6,40,40,323,74,559,90,342,108,151,80,109,78
"Census Tract 10","St. Joseph County","Indiana","18141001000","Census Tract 10, St. Joseph County, Indiana",3012,597,1705,86,1077,138,628,135,532,90,545,127,36,44,100,66,20,32,0,11,27.8,2.1,59100,20704,92100,11470,NA,NA,908,397,373,110,22.3,8.4,9,NA,843,115,57800,19863,36250,8953,NA,NA,1560,448,943,122,803,575,860,174,1278,133,963,123,1545,251,1211,507,84,115,71,57,0,11,41,39,60,46,25.6,3.5,22.9,2.5,29.9,6.9,1077,138,556,119,284,77,272,87,521,101,352,97,169,56,189,61,172,84,95,58,51,51,24,22,25,40,352,97,124,52,32,22,7,12,0,11,6,10,0,11,1502,274,1502,274,1462,275,40,44,0,11,762,156,NA,NA,NA,NA,NA,NA,NA,NA,NA,NA,42379,8063,47396,19432,38639,6776,0,11,0,11,0,11,0,11,0,11,0,11,0,11,0,11,6,11,0,11,6,11,3,6,57,55,12,15,41,38,233,101,120,67,73,40,204,95,211,134,347,103,126,55,56,39,51,40,1104,224,1042,211,62,60,60,60,0,11,2,5,0,11,0,11,18,28,18,28,0,11,0,11,0,11,0,11,0,11,9,14,133,72,88,67,0,11,60,39,72,55,42,28,57,37,63,39,131,75,59,46,85,62,44,32,56,29,92,56,58,37,92,42,80,48,26,25,30,24,90,44,81,70,393,179,653,204,242,111,33,45,0,11
"Census Tract 109","St. Joseph County","Indiana","18141010900","Census Tract 109, St. Joseph County, Indiana",7744,152,3326,174,3131,147,195,117,2992,152,139,106,0,16,0,16,0,16,33,53,NA,NA,113500,9741,158100,8010,213200,11180,1096,103,330,21,17.9,1.9,9,NA,853,127,82500,8824,32030,3667,NA,NA,NA,NA,NA,NA,NA,NA,NA,NA,NA,NA,NA,NA,7215,279,315,197,0,16,122,94,0,16,14,22,78,68,47.4,1.6,46.3,3.7,47.8,2.9,3131,147,2250,132,1950,148,300,98,881,159,787,162,94,56,1243,147,451,137,367,113,126,73,40,41,23,34,787,162,64,50,0,16,30,34,0,16,0,16,0,16,4063,267,4051,270,3976,296,75,82,12,19,2360,206,NA,NA,NA,NA,NA,NA,NA,NA,NA,NA,64552,7872,69375,9643,24179,23341,103,117,0,16,0,16,0,16,0,16,0,16,24,38,0,16,0,16,0,16,61,58,33,39,54,57,47,42,125,86,1650,237,165,138,538,158,614,196,671,167,1368,216,230,100,153,120,13,20,3812,281,3592,305,220,132,168,111,52,64,0,16,0,16,0,16,0,16,0,16,0,16,0,16,0,16,0,16,0,16,0,16,0,16,0,16,0,16,120,76,171,109,16,26,115,63,152,92,103,100,219,107,166,68,69,53,128,99,295,102,331,128,385,97,373,132,283,104,159,86,166,77,0,16,405,151,1806,271,1183,306,126,120,412,255
"Census Tract 14","St. Joseph County","Indiana","18141001400","Census Tract 14, St. Joseph County, Indiana",2829,522,1658,69,1273,147,385,114,729,125,544,146,217,100,0,11,16,19,0,11,28.4,20,58300,5800,70400,6220,86100,6597,837,121,288,25,19.7,2.3,11.8,2.1,707,80,50139,22849,31444,6922,NA,NA,689,68,706,204,1053,130,NA,NA,NA,NA,784,136,2151,371,336,415,0,11,0,11,0,11,17,27,325,224,36.5,7.6,36.5,5.7,36.5,12.5,1273,147,707,162,468,131,239,157,566,134,489,125,77,57,293,112,177,113,218,151,19,30,0,11,0,11,489,125,77,57,0,11,0,11,0,11,0,11,0,11,1605,324,1605,324,1476,275,129,97,0,11,583,109,NA,NA,NA,NA,NA,NA,NA,NA,NA,NA,39917,5861,41969,9644,31000,16270,0,11,0,11,0,11,0,11,0,11,0,11,0,11,0,11,0,11,0,11,32,47,20,22,69,55,73,71,0,11,391,154,71,56,178,100,417,133,120,68,348,115,105,72,39,61,35,47,1326,281,1161,227,165,147,30,35,0,11,135,147,0,11,0,11,42,47,42,47,0,11,0,11,0,11,0,11,0,11,0,11,0,11,10,21,0,11,67,59,51,45,183,123,76,50,63,53,57,54,117,67,91,64,124,95,30,30,85,59,171,87,81,61,110,93,11,12,0,11,23,28,57,52,569,284,598,256,211,154,0,11,10,25
"Census Tract 29","St. Joseph County","Indiana","18141002900","Census Tract 29, St. Joseph County, Indiana",1125,218,427,26,327,46,100,40,167,51,160,46,24,21,7,11,6,11,0,11,48.9,13.5,43700,8530,62100,17964,102800,18844,813,229,368,37,20.4,5.2,20.1,11.6,658,61,38218,2408,21071,11726,NA,NA,NA,NA,656,241,652,37,NA,NA,NA,NA,668,29,384,154,602,120,0,11,31,57,0,11,22,38,86,58,29.8,4.9,22.1,10.1,31.5,8.7,327,46,269,47,98,51,171,53,58,25,56,23,2,8,92,41,83,38,55,45,35,29,0,11,4,7,56,23,2,8,0,11,0,11,0,11,0,11,0,11,471,92,471,92,420,92,51,31,0,11,308,81,NA,NA,NA,NA,NA,NA,NA,NA,NA,NA,37009,2781,37656,24557,24286,21834,16,23,0,11,0,11,0,11,0,11,3,8,0,11,0,11,0,11,0,11,2,4,13,20,20,20,36,24,11,15,209,79,42,30,47,35,93,41,9,11,134,64,9,13,7,12,0,11,394,85,366,86,28,34,28,34,0,11,0,11,0,11,0,11,6,14,6,14,0,11,0,11,0,11,0,11,0,11,0,11,0,11,0,11,8,11,0,11,37,29,33,24,20,21,41,25,0,11,10,15,85,37,0,11,7,13,0,11,26,18,40,44,8,12,20,23,0,11,0,11,13,19,118,54,149,79,48,55,78,59,0,11
"Census Tract 13","St. Joseph County","Indiana","18141001300","Census Tract 13, St. Joseph County, Indiana",1941,240,1359,65,1008,114,351,101,591,71,417,112,311,99,40,45,0,11,0,11,33.3,3.5,29600,14544,84500,6478,109900,8616,960,45,371,97,20.4,3.5,9,NA,779,42,55461,11673,25179,7624,787,149,658,71,778,54,1051,139,NA,NA,NA,NA,778,35,1477,173,291,150,0,11,39,34,10,16,84,128,40,42,45.5,6.2,41.8,6.9,47.2,6.1,1008,114,507,112,325,71,182,94,501,107,484,103,17,21,330,109,56,31,100,44,21,22,0,11,0,11,484,103,17,21,0,11,0,11,0,11,0,11,0,11,1028,144,1010,145,926,127,84,74,18,19,595,93,NA,NA,NA,NA,NA,NA,NA,NA,NA,NA,36402,2852,50313,10696,22679,12478,1,4,0,11,0,11,0,11,0,11,0,11,0,11,0,11,0,11,0,11,28,30,41,34,88,61,35,29,50,60,295,78,115,63,135,59,198,115,24,21,387,81,91,48,11,15,33,26,860,131,779,127,81,70,71,69,10,15,0,11,0,11,0,11,24,29,24,29,0,11,0,11,0,11,0,11,0,11,0,11,0,11,35,34,8,17,0,11,133,88,51,41,52,44,98,51,66,45,58,31,108,65,0,11,63,34,106,53,106,58,102,45,23,23,42,32,0,11,0,11,36,31,262,85,493,107,136,81,0,11,0,11
"Census Tract 11","St. Joseph County","Indiana","18141001100","Census Tract 11, St. Joseph County, Indiana",4057,355,1990,72,1642,142,348,132,1127,133,515,133,47,51,29,44,0,11,0,11,25.7,3.8,74200,3557,89000,5056,123600,14049,870,52,378,72,19.9,6.7,14.4,6.8,756,46,51389,20322,35723,4971,288,65,NA,NA,766,254,825,189,NA,NA,NA,NA,731,98,2724,297,797,213,23,38,249,167,0,11,34,59,230,135,35.2,4.5,35.8,6.7,32.8,6.7,1642,142,974,106,689,108,285,103,668,137,562,128,106,59,396,124,288,93,172,77,83,36,35,37,0,11,562,128,74,50,23,25,9,16,0,11,0,11,0,11,2159,207,2159,207,1980,235,179,137,0,11,1030,234,NA,NA,NA,NA,NA,NA,NA,NA,NA,NA,40268,5835,42414,6297,25529,13593,38,31,0,11,0,11,0,11,0,11,0,11,0,11,0,11,20,29,37,54,2,4,30,35,59,73,124,92,72,50,542,145,135,84,205,88,331,106,181,82,606,129,220,78,17,28,47,34,1709,216,1450,212,259,121,218,112,28,37,13,16,0,11,0,11,47,45,23,24,0,11,0,11,24,38,0,11,0,11,0,11,20,30,87,82,37,54,80,51,215,114,85,52,28,29,91,62,123,71,144,92,126,60,114,48,46,35,104,48,119,58,189,82,132,55,85,63,22,21,19,22,103,84,480,161,955,249,408,149,32,32,0,11
"Census Tract 103","St. Joseph County","Indiana","18141010300","Census Tract 103, St. Joseph County, Indiana",6195,558,2512,107,2322,149,190,127,1567,158,755,170,0,16,0,16,44,63,43,70,28.1,5.4,78500,6184,105800,12682,152000,7769,934,52,348,32,18.9,1.7,9,NA,775,64,52061,7740,20962,8526,NA,NA,704,435,786,197,627,594,NA,NA,NA,NA,701,167,5263,645,341,150,16,24,129,132,0,16,0,16,446,319,36,4.5,35.2,6.5,37.4,5.1,2322,149,1630,170,1038,184,592,147,692,176,607,168,85,80,819,167,276,120,337,151,119,64,43,43,36,41,607,168,63,72,22,34,0,16,0,16,0,16,0,16,2855,344,2855,344,2698,315,157,100,0,16,1796,274,NA,NA,NA,NA,NA,NA,NA,NA,NA,NA,47188,8727,58098,3962,19955,8389,47,50,0,16,0,16,0,16,0,16,0,16,0,16,2,6,14,23,3,6,33,22,76,56,74,56,25,29,70,67,1466,265,264,105,357,131,606,191,230,128,388,120,157,75,0,16,32,49,2422,303,2175,296,247,104,233,98,14,24,0,16,0,16,0,16,81,72,45,52,0,16,0,16,36,42,0,16,0,16,0,16,11,20,66,61,0,16,68,76,176,106,133,82,217,124,88,55,184,93,178,117,76,56,46,51,137,73,293,129,300,117,230,118,169,59,31,39,64,54,0,16,77,79,683,176,1066,260,545,283,277,213,0,16
"Census Tract 104","St. Joseph County","Indiana","18141010400","Census Tract 104, St. Joseph County, Indiana",3321,239,1511,66,1444,87,67,52,1108,98,336,87,0,11,0,11,0,11,0,11,31.2,7.4,75900,3979,101400,8103,134800,8158,948,56,401,66,19.5,3.6,9,NA,774,72,53108,9496,33802,7001,NA,NA,357,142,481,57,989,134,NA,NA,NA,NA,NA,NA,3247,239,7,11,0,11,18,28,0,11,0,11,49,59,34.6,2.6,33.9,5.2,37.8,5.6,1444,87,866,112,572,100,294,92,578,106,512,93,66,44,387,94,305,96,92,40,68,40,0,11,14,20,512,93,34,30,32,33,0,11,0,11,0,11,0,11,1775,173,1775,173,1672,175,103,56,0,11,713,127,NA,NA,NA,NA,NA,NA,NA,NA,NA,NA,46731,7389,54659,7005,20700,9979,7,12,0,11,0,11,0,11,0,11,0,11,0,11,0,11,0,11,0,11,29,23,25,29,39,32,104,68,54,42,500,134,124,60,181,79,245,78,291,97,429,133,181,77,26,29,12,15,1590,170,1480,168,110,64,80,56,0,11,18,26,0,11,12,18,10,15,10,15,0,11,0,11,0,11,0,11,0,11,4,7,0,11,0,11,0,11,68,42,103,51,34,22,99,66,127,61,94,60,83,54,60,34,104,70,100,64,125,50,175,69,155,70,120,53,12,19,17,18,36,33,37,56,320,106,759,162,462,175,84,65,10,15
"Census Tract 113.04","St. Joseph County","Indiana","18141011304","Census Tract 113.04, St. Joseph County, Indiana",2349,165,907,48,869,53,38,28,849,56,20,19,0,11,0,11,0,11,0,11,42.5,42.6,180800,5613,215400,13077,279200,14565,1553,65,522,67,15.3,1.9,9,NA,1202,89,123500,9250,55568,30560,NA,NA,NA,NA,NA,NA,NA,NA,NA,NA,NA,NA,1250,302,1987,177,205,156,8,12,110,72,0,11,0,11,39,41,51.1,2.7,50.8,7.3,51.2,2.2,869,53,714,56,685,57,29,18,155,47,120,42,35,28,418,58,114,40,96,31,59,27,23,16,4,8,120,42,29,27,0,11,6,9,0,11,0,11,0,11,1206,109,1202,107,1139,107,63,37,4,7,725,95,NA,NA,NA,NA,NA,NA,NA,NA,NA,NA,117250,11549,118618,8709,NA,NA,26,28,0,11,0,11,0,11,0,11,0,11,0,11,0,11,0,11,0,11,5,8,0,11,5,9,10,11,9,13,267,76,4,6,52,30,194,74,139,45,540,89,254,53,81,29,163,58,1005,98,974,90,31,21,31,21,0,11,0,11,0,11,0,11,0,11,0,11,0,11,0,11,0,11,0,11,0,11,0,11,3,5,6,9,0,11,103,40,36,34,8,9,16,19,15,13,16,16,17,13,7,8,9,9,64,29,38,22,57,25,88,32,105,38,116,39,106,37,171,46,0,11,51,26,630,92,230,85,171,88,35,30
"Census Tract 116.01","St. Joseph County","Indiana","18141011601","Census Tract 116.01, St. Joseph County, Indiana",8253,447,2833,143,2733,148,100,87,2638,143,95,65,0,16,0,16,53,61,0,16,33,38.4,122900,9129,157100,5438,189600,12785,1129,85,374,52,15.6,1.5,9,NA,892,72,89225,4906,31667,15017,NA,NA,NA,NA,759,295,NA,NA,NA,NA,NA,NA,765,122,8038,458,80,74,0,16,0,16,0,16,50,54,85,95,40.9,1.6,41.7,2.7,40.2,2.4,2733,148,2285,148,2052,164,233,100,448,111,356,103,92,63,887,139,551,147,556,117,197,85,37,48,57,51,356,103,92,63,0,16,0,16,0,16,0,16,0,16,4404,310,4404,310,4247,300,157,87,0,16,2020,226,NA,NA,NA,NA,NA,NA,NA,NA,NA,NA,84855,4888,85992,5131,NA,NA,52,45,0,16,0,16,0,16,0,16,0,16,0,16,0,16,0,16,0,16,46,50,30,35,63,45,70,58,65,66,1706,318,92,58,410,163,787,195,612,143,1141,248,433,129,22,35,24,31,4025,308,3783,330,242,146,237,146,0,16,0,16,0,16,5,6,31,35,31,35,0,16,0,16,0,16,0,16,0,16,0,16,0,16,0,16,0,16,134,83,65,43,30,35,36,39,87,62,95,62,50,50,162,89,63,56,53,49,172,87,365,124,610,159,505,138,167,77,167,105,106,64,40,62,362,189,1987,309,902,260,550,214,344,259
"Census Tract 116.02","St. Joseph County","Indiana","18141011602","Census Tract 116.02, St. Joseph County, Indiana",7615,436,2955,117,2756,144,199,114,2055,162,701,151,92,96,14,24,5,7,26,42,20.4,5.9,95300,7629,146300,10530,199800,19029,1102,55,363,59,18.3,1.3,10.7,2.4,859,71,79316,5562,38450,11226,NA,NA,785,25,854,124,1090,104,NA,NA,NA,NA,880,82,7137,498,66,54,3,7,132,153,0,16,8,12,269,200,38.5,2.5,38.8,3.3,38.4,3.4,2756,144,1939,160,1581,204,358,120,817,165,629,137,188,92,835,150,350,92,530,136,110,57,49,39,65,60,629,137,163,89,25,26,0,16,0,16,0,16,0,16,3970,303,3970,303,3868,287,102,62,0,16,1873,235,NA,NA,NA,NA,NA,NA,NA,NA,NA,NA,68576,6514,71772,4806,51161,26389,38,52,5,8,0,16,0,16,0,16,0,16,0,16,0,16,0,16,26,28,14,22,96,98,114,57,151,79,134,98,1667,310,306,101,432,154,563,143,450,152,833,202,334,138,64,53,23,30,3624,284,3510,273,114,60,61,42,42,37,11,16,0,16,0,16,0,16,0,16,0,16,0,16,0,16,0,16,0,16,0,16,3,6,12,14,0,16,224,121,87,41,78,46,103,57,105,52,76,63,136,84,142,99,132,69,175,91,178,51,351,112,488,132,316,117,260,109,109,59,20,19,5,8,457,135,1999,323,1042,277,321,200,39,50
"Census Tract 5","St. Joseph County","Indiana","18141000500","Census Tract 5, St. Joseph County, Indiana",1725,205,744,67,569,71,175,60,326,56,243,77,37,44,19,30,0,11,14,23,33,4.9,35900,7260,51900,6660,65900,5463,852,45,394,69,24.6,5.3,14.5,5,820,83,32853,4937,29444,18537,NA,NA,NA,NA,781,281,948,68,NA,NA,NA,NA,904,81,388,115,1221,224,7,11,0,11,0,11,50,71,59,70,37.1,5.3,33.5,12.3,37.3,5.9,569,71,441,71,211,64,230,62,128,58,90,46,38,39,214,68,76,41,78,47,61,34,8,15,4,12,90,46,38,39,0,11,0,11,0,11,0,11,0,11,710,111,710,111,602,108,108,62,0,11,653,137,987300,662169,NA,NA,987300,662169,NA,NA,987300,662169,33189,4027,37955,12667,32225,2404,21,22,0,11,0,11,0,11,4,6,0,11,0,11,0,11,0,11,22,27,24,28,77,62,59,38,37,45,11,20,313,107,66,53,31,24,211,86,64,43,66,46,13,19,0,11,0,11,540,112,448,99,92,53,79,48,13,16,0,11,0,11,0,11,14,16,14,16,0,11,0,11,0,11,0,11,0,11,0,11,0,11,9,15,0,11,39,46,38,37,38,26,17,17,54,36,74,36,99,68,39,30,37,31,6,10,45,31,90,46,29,23,0,11,3,6,0,11,0,11,44,32,204,72,268,103,86,60,0,11,0,11
"Census Tract 19","St. Joseph County","Indiana","18141001900","Census Tract 19, St. Joseph County, Indiana",1047,178,616,71,451,76,165,68,179,60,272,71,65,41,0,11,0,11,35,42,39.5,12,41100,10388,73600,9142,97700,83973,850,246,342,66,14.4,6.2,15.7,6.8,482,201,33750,9448,20905,8358,NA,NA,589,279,396,373,950,177,NA,NA,NA,NA,655,198,438,162,539,208,0,11,0,11,2,7,3,7,65,52,26.6,6.8,24.2,2.3,43.5,20.6,451,76,218,50,77,39,141,51,233,82,212,78,21,18,65,32,74,52,67,48,12,18,0,11,0,11,212,78,21,18,0,11,0,11,0,11,0,11,0,11,483,160,483,160,364,100,119,102,0,11,351,97,NA,NA,NA,NA,NA,NA,NA,NA,NA,NA,25913,6752,NA,NA,22813,19430,12,13,0,11,0,11,0,11,0,11,0,11,0,11,0,11,7,14,0,11,12,18,0,11,7,13,12,13,10,14,146,60,9,14,36,23,112,62,26,23,64,34,91,58,22,20,9,10,329,107,248,84,81,46,66,46,7,10,5,10,3,8,0,11,16,23,0,11,0,11,0,11,16,23,0,11,0,11,0,11,0,11,8,12,0,11,4,7,144,61,6,9,24,19,42,36,39,38,55,48,48,38,7,10,7,11,20,22,9,9,41,28,5,9,0,11,0,11,4,7,22,21,156,79,85,41,86,74,0,11,0,11
"Census Tract 120","St. Joseph County","Indiana","18141012000","Census Tract 120, St. Joseph County, Indiana",3982,190,1634,136,1552,125,82,60,1475,128,77,58,13,20,0,11,8,14,52,57,13,1.2,109500,5266,146700,11079,203500,24623,1100,103,342,35,18.6,2.3,9,NA,741,171,75731,7909,35208,8735,NA,NA,NA,NA,NA,NA,NA,NA,NA,NA,NA,NA,398,328,3924,169,0,11,5,9,10,16,0,11,26,35,17,27,51.9,2.5,48.7,4.9,53.7,1.9,1552,125,1202,110,1095,105,107,54,350,93,330,90,20,22,671,123,221,78,188,63,26,22,69,53,27,26,330,90,20,22,0,11,0,11,0,11,0,11,0,11,1967,235,1967,235,1921,222,46,34,0,11,1240,156,NA,NA,NA,NA,NA,NA,NA,NA,NA,NA,61977,8649,66597,11077,41602,6803,23,20,0,11,0,11,0,11,42,41,0,11,0,11,0,11,13,19,0,11,9,13,74,63,8,13,125,61,46,30,937,158,161,58,259,90,396,115,152,63,455,120,229,66,24,22,8,13,1699,217,1620,211,79,52,62,45,9,15,8,13,0,11,0,11,0,11,0,11,0,11,0,11,0,11,0,11,0,11,0,11,0,11,50,49,43,32,90,47,28,25,52,48,47,36,56,40,75,35,77,44,70,38,135,69,70,46,132,49,147,67,269,74,184,66,72,42,82,47,56,39,8,12,164,61,832,192,492,146,156,85,230,144
"Census Tract 32","St. Joseph County","Indiana","18141003200","Census Tract 32, St. Joseph County, Indiana",5576,438,2006,86,1863,102,143,90,1598,136,265,94,0,16,0,16,8,12,46,53,18.6,13.1,81800,6138,107800,5699,142600,11733,993,84,354,30,18.2,1.9,9,NA,875,50,75170,9647,38750,13754,NA,NA,NA,NA,NA,NA,987,167,NA,NA,NA,NA,1002,162,4547,455,420,112,13,20,50,51,6,10,109,66,431,213,35.4,3.8,35.1,5,37.2,7,1863,102,1385,119,1127,114,258,83,478,119,416,117,62,39,573,126,316,100,269,112,168,85,15,14,44,36,416,117,24,22,9,14,29,32,0,16,0,16,0,16,2956,267,2956,267,2829,220,127,93,0,16,1272,249,NA,NA,NA,NA,NA,NA,NA,NA,NA,NA,64387,10616,71250,12500,52321,18218,20,22,0,16,0,16,0,16,0,16,0,16,0,16,0,16,0,16,0,16,12,10,80,68,82,72,52,45,30,27,878,174,166,108,244,86,676,164,203,80,719,144,371,104,64,41,105,64,2607,230,2290,245,317,144,276,135,19,21,17,20,5,9,0,16,7,12,0,16,0,16,0,16,7,12,0,16,0,16,7,11,31,29,33,33,12,21,120,57,61,52,38,29,84,52,106,49,43,36,63,38,56,41,144,74,50,37,233,96,201,91,328,95,207,62,75,46,68,40,106,36,27,41,713,232,1262,225,496,231,176,127,143,169
"Census Tract 33","St. Joseph County","Indiana","18141003300","Census Tract 33, St. Joseph County, Indiana",3057,435,1235,35,1031,113,204,114,729,105,302,118,41,56,39,54,76,71,0,11,27.8,17.3,63600,2332,74700,6486,87400,3598,841,69,325,83,17.9,2.6,11.7,3.5,786,67,54861,12585,37813,16388,NA,NA,463,38,933,184,1062,147,NA,NA,NA,NA,963,68,2059,275,898,397,0,11,9,15,0,11,43,67,48,44,31.1,4.5,29.1,5.4,32.6,3,1031,113,661,114,390,85,271,105,370,79,315,70,55,43,156,73,235,85,175,76,41,39,37,38,17,16,315,70,55,43,0,11,0,11,0,11,0,11,0,11,1507,254,1507,254,1463,249,44,35,0,11,725,180,969700,1031539,111700,103915,858000,1016526,NA,NA,858000,1016526,49693,4099,52639,10881,29500,26366,0,11,0,11,0,11,0,11,0,11,5,10,0,11,0,11,3,12,14,16,34,41,0,11,0,11,78,60,38,29,638,215,89,61,135,81,321,122,124,52,320,91,51,32,16,19,10,16,1332,218,1194,223,138,61,95,56,43,34,0,11,0,11,0,11,33,49,33,49,0,11,0,11,0,11,0,11,0,11,0,11,0,11,15,18,19,22,40,34,81,74,37,25,71,54,60,48,72,46,19,20,40,48,36,38,106,56,102,55,106,46,167,68,95,56,16,19,23,32,0,11,45,68,333,103,721,188,167,133,165,156,8,14
"Census Tract 111","St. Joseph County","Indiana","18141011100","Census Tract 111, St. Joseph County, Indiana",4356,544,2037,210,1776,227,261,81,1395,187,381,128,0,11,0,11,0,11,20,31,24.8,28.8,54700,6046,77700,3655,106800,9605,730,50,298,29,14.3,1.9,11.8,3.7,600,67,50833,9175,35093,10802,NA,NA,NA,NA,647,179,820,291,NA,NA,NA,NA,764,165,3566,467,259,173,0,11,0,11,0,11,333,355,198,116,41,5.2,39.8,3.2,44.4,5.6,1776,227,1052,164,693,132,359,108,724,172,572,146,152,97,446,106,286,122,140,61,122,53,56,57,2,8,572,146,152,97,0,11,0,11,0,11,0,11,0,11,2340,358,2340,358,2126,329,214,98,0,11,1238,224,NA,NA,NA,NA,NA,NA,NA,NA,NA,NA,44333,6995,48365,9141,33434,7803,89,54,0,11,0,11,0,11,0,11,10,15,24,36,0,11,231,256,0,11,14,24,77,63,92,49,125,67,108,69,972,185,420,144,240,120,348,145,180,85,240,96,21,23,0,11,0,11,1899,324,1737,296,162,80,115,74,47,39,0,11,0,11,0,11,0,11,0,11,0,11,0,11,0,11,0,11,0,11,11,18,0,11,59,77,38,55,27,26,116,62,131,71,139,58,94,60,63,38,118,73,115,75,124,64,64,62,231,98,247,96,197,96,87,51,40,34,10,15,0,11,0,11,516,182,852,269,526,222,20,33,120,93
"Census Tract 107","St. Joseph County","Indiana","18141010700","Census Tract 107, St. Joseph County, Indiana",3695,448,1647,107,1486,121,161,101,1095,127,391,108,38,40,0,11,30,40,0,11,27.9,4.8,71300,5259,92400,6975,126700,13407,884,92,293,61,17.8,2.6,10.2,2.2,773,76,56133,11047,34844,8421,NA,NA,594,247,858,81,892,333,NA,NA,1432,934,869,52,3163,411,280,273,92,111,83,74,12,19,0,11,65,54,34.5,4,32.9,4.6,37.2,6,1486,121,897,141,517,96,380,133,589,137,481,128,108,70,338,83,301,97,182,79,46,31,21,28,9,15,481,128,98,68,0,11,0,11,0,11,10,16,0,11,1917,263,1917,263,1812,253,105,44,0,11,1042,187,NA,NA,NA,NA,NA,NA,NA,NA,NA,NA,53583,10337,57443,10013,36157,14321,63,58,0,11,0,11,0,11,0,11,0,11,0,11,0,11,0,11,70,82,10,16,46,42,73,53,108,73,34,25,707,137,190,105,138,65,360,117,176,72,379,148,157,76,8,13,65,62,1793,256,1660,235,133,67,114,65,0,11,11,18,8,12,0,11,12,19,0,11,0,11,0,11,0,11,12,19,0,11,0,11,7,11,0,11,0,11,0,11,106,71,119,92,18,22,85,50,116,60,88,54,78,60,61,45,49,43,121,67,228,76,275,110,60,39,37,24,16,19,29,25,10,16,384,114,836,184,424,168,55,61,103,131
"Census Tract 117.02","St. Joseph County","Indiana","18141011702","Census Tract 117.02, St. Joseph County, Indiana",7818,603,4491,163,3727,256,764,270,1656,157,2071,270,505,233,130,116,0,16,0,16,24.2,2.3,119200,18054,164500,9268,232600,50464,1176,65,479,333,16,2.7,11,3.1,764,34,67768,17637,35868,6247,566,252,652,35,782,56,1020,501,NA,NA,NA,NA,677,18,6875,508,666,284,0,16,17,30,0,16,48,50,212,222,36.7,5.8,35.5,4.2,39.3,11.1,3727,256,1863,178,1420,180,443,140,1864,263,1561,232,303,135,1177,195,222,92,344,123,111,70,0,16,9,17,1561,232,275,136,28,33,0,16,0,16,0,16,0,16,4479,384,4479,384,4326,408,153,85,0,16,2049,348,NA,NA,NA,NA,NA,NA,NA,NA,NA,NA,48724,2844,87059,13136,34637,4481,0,16,0,16,0,16,0,16,0,16,0,16,0,16,8,17,0,16,14,22,111,107,74,64,21,43,88,82,50,59,1259,264,197,93,337,100,693,184,566,220,1345,249,462,158,94,64,67,50,3916,392,3729,383,187,140,187,140,0,16,0,16,0,16,0,16,67,65,35,54,0,16,0,16,32,36,0,16,0,16,0,16,0,16,31,38,0,16,271,152,147,77,167,112,220,107,240,123,208,97,247,93,275,106,179,104,302,144,352,129,241,97,262,119,332,160,252,106,141,85,162,86,120,85,1414,298,1876,398,604,235,136,107,120,118
"Census Tract 124","St. Joseph County","Indiana","18141012400","Census Tract 124, St. Joseph County, Indiana",1999,117,767,46,717,46,50,39,646,46,71,37,0,11,0,11,0,11,0,11,14,4.8,121500,16661,165000,10492,267600,31607,1280,129,413,72,21.2,3.5,9,NA,897,125,87083,12045,45402,7953,NA,NA,NA,NA,NA,NA,NA,NA,NA,NA,NA,NA,795,396,1970,120,0,11,0,11,0,11,0,11,19,27,10,13,42.9,5.3,42.6,4,44.9,7.7,717,46,542,47,493,48,49,28,175,56,140,51,35,25,259,45,94,44,71,39,106,29,6,8,6,8,140,51,30,24,5,7,0,11,0,11,0,11,0,11,963,105,959,105,919,94,40,37,4,7,592,92,NA,NA,NA,NA,NA,NA,NA,NA,NA,NA,79219,8920,80208,8765,60250,34898,0,11,0,11,6,8,0,11,0,11,0,11,0,11,0,11,0,11,0,11,44,28,0,11,0,11,13,15,9,13,517,79,50,31,96,44,161,42,95,42,210,65,123,49,25,22,7,10,820,91,756,91,64,34,45,26,19,18,0,11,0,11,0,11,8,11,8,11,0,11,0,11,0,11,0,11,0,11,8,9,25,24,4,7,4,7,36,19,4,7,5,8,18,19,15,17,64,37,24,20,23,18,11,13,44,27,43,27,81,35,153,38,111,44,27,16,36,19,58,34,25,24,57,41,269,62,355,85,153,82,46,34
"Census Tract 7","St. Joseph County","Indiana","18141000700","Census Tract 7, St. Joseph County, Indiana",1717,209,794,60,640,72,154,61,358,55,282,61,54,47,9,15,12,20,0,11,40.9,21.4,73200,16118,104500,33036,173600,26672,1140,107,423,63,15.6,1.8,11.9,3.7,744,79,73750,18272,26105,4319,675,287,623,93,686,86,1042,211,3000,2021,NA,NA,716,80,1284,206,246,115,0,11,18,22,0,11,91,79,78,54,35.8,3.6,34.1,3,38.4,4.5,640,72,350,61,265,61,85,43,290,69,193,54,97,48,165,46,101,46,47,22,17,18,20,18,0,11,193,54,68,42,7,10,0,11,11,15,0,11,11,12,975,114,975,114,902,102,73,32,0,11,482,130,245600,238590,NA,NA,245600,238590,NA,NA,245600,238590,46522,8955,69706,17744,22500,5883,13,22,0,11,3,5,0,11,0,11,0,11,0,11,0,11,18,19,0,11,28,29,8,9,19,30,23,25,16,22,179,62,57,34,46,32,162,68,68,35,236,61,119,36,49,29,93,45,678,93,595,92,83,44,49,38,24,24,0,11,0,11,10,14,31,33,31,33,0,11,0,11,0,11,0,11,0,11,0,11,29,25,63,41,0,11,60,48,81,49,4,7,47,37,43,37,51,33,36,26,23,20,21,18,29,21,87,42,29,22,63,30,14,15,52,29,41,21,19,15,39,35,321,89,243,69,216,100,39,46,3,5
"Census Tract 15","St. Joseph County","Indiana","18141001500","Census Tract 15, St. Joseph County, Indiana",2950,359,1442,88,1128,135,314,127,559,123,569,138,113,78,0,11,101,64,0,11,40.7,19.9,62600,6550,76300,5044,87700,5789,888,53,278,30,20.6,4.3,11.8,1.9,729,86,32314,9937,30281,17101,NA,NA,585,53,736,180,966,66,NA,NA,NA,NA,748,186,1923,367,491,209,14,24,266,239,0,11,124,168,132,100,33.9,6,31.3,9.1,36,5.9,1128,135,659,105,356,86,303,114,469,113,338,95,131,78,294,96,109,67,155,78,96,68,5,9,0,11,338,95,101,69,19,22,11,16,0,11,0,11,0,11,1557,327,1557,327,1451,330,106,58,0,11,622,172,NA,NA,NA,NA,NA,NA,NA,NA,NA,NA,33214,9326,46917,13979,20078,6861,0,11,0,11,0,11,0,11,0,11,0,11,0,11,0,11,0,11,0,11,29,30,27,26,105,64,14,16,16,24,581,131,212,106,176,61,159,87,178,83,167,69,48,42,4,9,32,47,1328,310,1234,301,94,60,39,38,41,42,0,11,14,21,0,11,52,44,23,28,0,11,29,33,0,11,0,11,0,11,0,11,15,24,13,16,0,11,0,11,215,97,101,54,74,50,81,63,33,28,75,49,53,39,44,32,55,37,95,48,172,80,79,47,47,54,0,11,0,11,4,8,17,24,491,168,578,240,288,149,10,15,24,45
"Census Tract 27","St. Joseph County","Indiana","18141002700","Census Tract 27, St. Joseph County, Indiana",1987,271,442,36,313,50,129,36,164,48,149,44,44,28,0,11,0,11,10,12,51,NA,23500,4158,31100,16366,51400,9814,833,179,319,104,31.6,10.3,9,NA,666,101,29028,11149,26071,21495,NA,NA,NA,NA,795,118,870,272,NA,NA,NA,NA,837,70,1238,214,637,145,10,19,0,11,0,11,90,65,12,13,29,2.2,31.2,2.1,23.5,3.5,313,50,221,34,95,34,126,35,92,42,86,42,6,7,36,24,68,32,41,23,17,20,22,17,37,20,86,42,6,7,0,11,0,11,0,11,0,11,0,11,481,116,481,116,397,89,84,56,0,11,1023,180,NA,NA,NA,NA,NA,NA,NA,NA,NA,NA,27917,9806,36974,5912,16083,5387,7,10,0,11,0,11,0,11,13,19,15,22,0,11,0,11,88,46,6,10,12,12,88,44,93,46,98,50,25,23,266,84,150,48,72,46,181,75,27,20,18,17,4,9,0,11,20,23,350,84,272,69,78,45,36,26,24,22,5,8,13,20,0,11,36,27,36,27,0,11,0,11,0,11,0,11,0,11,0,11,0,11,0,11,7,8,0,11,56,24,36,21,23,19,33,22,16,16,19,15,45,36,8,8,25,28,8,14,15,14,21,20,3,5,0,11,0,11,5,7,27,24,106,55,112,53,42,38,78,69,0,11
"Census Tract 105","St. Joseph County","Indiana","18141010500","Census Tract 105, St. Joseph County, Indiana",3136,222,1361,54,1257,93,104,69,919,86,338,91,0,11,0,11,20,30,24,37,28.3,8.5,83700,5665,110100,13686,182700,30253,1115,88,359,21,20.8,2.1,9,NA,760,104,64228,11752,26142,2334,NA,NA,632,49,691,80,1023,472,NA,NA,NA,NA,739,154,2631,313,159,170,124,136,28,41,47,51,36,31,111,93,41.6,4.7,40.7,3.6,42.5,9.3,1257,93,852,98,635,90,217,79,405,93,345,90,60,44,468,98,159,69,125,70,42,29,49,47,9,14,345,90,26,20,34,42,0,11,0,11,0,11,0,11,1761,168,1761,168,1746,171,15,24,0,11,787,123,NA,NA,NA,NA,NA,NA,NA,NA,NA,NA,49042,11126,57026,14822,31548,18494,38,46,0,11,0,11,0,11,0,11,0,11,0,11,0,11,0,11,8,13,80,86,97,66,8,14,55,44,8,14,620,137,218,99,134,66,271,107,196,67,374,160,125,74,27,30,6,10,1598,160,1458,183,140,91,140,91,0,11,0,11,0,11,0,11,31,48,29,47,0,11,0,11,0,11,2,5,0,11,4,7,0,11,42,49,0,11,40,30,54,41,63,51,98,62,84,57,99,56,50,38,42,30,69,38,81,44,60,33,106,71,212,80,103,66,84,57,29,31,23,18,101,101,193,74,976,187,387,171,58,58,0,11
"Census Tract 106","St. Joseph County","Indiana","18141010600","Census Tract 106, St. Joseph County, Indiana",3652,353,1704,87,1398,132,306,121,793,85,605,121,74,73,50,55,0,11,0,11,31.9,12.3,64900,7261,84000,7115,113100,13354,896,40,322,56,18.8,1.9,10.5,3.7,666,50,55684,4235,26726,11733,506,40,522,104,676,21,750,488,NA,NA,NA,NA,663,59,2941,287,207,207,41,47,55,39,6,11,14,20,388,191,31.4,3.9,30.2,7.2,31.7,4.3,1398,132,709,110,452,97,257,88,689,128,562,115,127,66,399,94,131,51,130,78,23,24,9,13,17,20,562,115,108,67,19,20,0,11,0,11,0,11,0,11,2206,235,2206,235,2074,233,132,66,0,11,962,174,931300,642912,NA,NA,931300,642912,215100,223794,716300,646300,41477,10681,55963,2776,30846,11739,13,21,0,11,0,11,0,11,0,11,0,11,0,11,0,11,0,11,9,13,6,11,102,66,30,31,54,37,8,12,515,135,105,68,166,70,319,101,256,115,364,113,164,82,28,26,9,16,1686,241,1484,239,202,79,155,68,39,32,0,11,8,13,0,11,63,50,63,50,0,11,0,11,0,11,0,11,0,11,0,11,8,15,244,59,0,11,27,25,81,52,119,84,150,72,90,57,21,24,101,62,124,63,37,26,58,35,163,73,191,82,158,69,65,39,15,18,17,20,8,13,43,35,534,127,833,171,184,105,112,85,47,77
"Census Tract 108","St. Joseph County","Indiana","18141010800","Census Tract 108, St. Joseph County, Indiana",4601,136,1795,110,1674,107,121,62,1252,101,422,80,19,22,0,11,18,20,0,11,25.8,3.6,114600,8540,172000,10404,221900,17641,1172,71,389,42,18.4,1.6,9,NA,825,110,80472,4466,23427,3299,NA,NA,413,73,719,194,944,35,NA,NA,NA,NA,506,88,4501,151,22,26,4,6,46,57,0,11,0,11,28,18,40.8,3,41.9,3.2,40.1,3.6,1674,107,1191,71,971,81,220,63,483,103,449,103,34,24,537,95,235,52,217,55,155,57,47,24,0,11,449,103,21,18,8,12,5,9,0,11,0,11,0,11,2329,153,2329,153,2258,150,71,45,0,11,1352,141,653200,350168,205900,184446,447300,311429,201300,178451,245900,260388,64636,6620,77845,6002,26313,7033,25,20,0,11,0,11,10,15,0,11,0,11,0,11,0,11,11,16,17,26,19,26,23,19,60,47,55,45,45,33,836,154,116,47,273,86,385,82,378,91,596,126,176,55,33,23,30,23,2106,157,1956,159,150,62,134,56,11,11,3,7,0,11,2,4,7,10,0,11,0,11,0,11,7,10,0,11,0,11,0,11,0,11,22,18,26,22,80,45,69,36,92,60,49,29,98,44,77,51,71,36,55,29,86,39,56,33,91,41,235,71,298,66,175,58,75,43,111,42,36,25,145,102,321,82,778,147,632,136,269,96,96,74
"Census Tract 110","St. Joseph County","Indiana","18141011000","Census Tract 110, St. Joseph County, Indiana",6817,305,2983,188,2857,180,126,133,2328,154,529,163,0,16,0,16,0,16,0,16,30,6.6,119100,10107,149000,6027,192000,22979,1197,65,355,60,15.8,2.3,9,NA,913,72,90137,9374,33257,3831,NA,NA,777,29,869,55,1094,400,NA,NA,NA,NA,791,39,5883,411,599,241,20,29,168,144,0,16,130,164,17,22,45.9,1.7,44.9,1.8,46.9,3.6,2857,180,1849,130,1719,151,130,97,1008,201,849,187,159,80,922,151,418,132,413,118,72,45,24,25,0,16,849,187,122,66,37,42,0,16,0,16,0,16,0,16,3787,272,3787,272,3646,273,141,86,0,16,1858,242,863600,728904,863600,728904,NA,NA,NA,NA,NA,NA,68750,15317,80455,8234,34083,4532,28,38,0,16,0,16,0,16,0,16,3,6,0,16,0,16,32,50,0,16,10,16,27,28,110,76,73,51,73,58,1395,266,250,149,287,114,666,202,302,114,1172,242,501,146,186,132,66,54,3389,259,3063,284,326,144,271,139,55,50,0,16,0,16,0,16,0,16,0,16,0,16,0,16,0,16,0,16,50,73,0,16,0,16,0,16,15,26,132,77,155,78,73,46,58,49,119,67,123,80,182,125,84,57,107,65,86,58,234,114,232,84,591,150,256,104,197,88,204,88,156,80,168,152,512,189,1530,253,829,245,299,166,246,201
"Census Tract 115.01","St. Joseph County","Indiana","18141011501","Census Tract 115.01, St. Joseph County, Indiana",4034,407,2911,282,2385,275,526,186,276,93,2109,290,526,186,0,11,0,11,0,11,29.2,3.8,NA,NA,68300,33874,112000,20543,579,384,280,140,12.8,0.6,9,NA,640,33,37717,6209,25826,7227,475,109,628,20,800,77,1005,963,NA,NA,NA,NA,652,43,2650,353,957,260,0,11,211,147,0,11,43,57,173,155,41.7,7.1,35.4,5.5,53.2,6.9,2385,275,586,159,381,123,205,125,1799,304,1561,311,238,124,343,131,81,64,41,40,87,80,34,48,0,11,1561,311,220,122,0,11,0,11,18,26,0,11,0,11,2549,335,2549,335,2302,323,247,120,0,11,1063,217,NA,NA,NA,NA,NA,NA,NA,NA,NA,NA,30241,3655,46129,2400,28039,6557,17,29,0,11,0,11,0,11,0,11,0,11,0,11,0,11,0,11,0,11,17,27,36,44,102,85,112,83,38,66,1113,281,50,52,329,164,250,138,283,169,355,114,165,125,89,110,45,51,2161,321,2063,317,98,88,23,40,75,78,0,11,0,11,0,11,0,11,0,11,0,11,0,11,0,11,0,11,0,11,0,11,0,11,86,79,0,11,20,32,301,142,98,66,334,197,275,109,168,127,249,144,134,92,126,108,281,148,66,51,158,121,89,62,68,50,16,27,0,11,22,39,0,11,1355,290,660,253,231,167,0,11,21,34
"Census Tract 115.03","St. Joseph County","Indiana","18141011503","Census Tract 115.03, St. Joseph County, Indiana",1880,157,821,49,769,63,52,41,701,66,68,38,0,11,0,11,14,20,13,17,38.5,36,87200,3559,129500,11862,208400,45112,921,77,383,49,18.4,1.9,12.4,3.1,800,84,69643,12884,33304,16208,NA,NA,NA,NA,NA,NA,727,133,NA,NA,NA,NA,739,226,1731,143,29,46,0,11,42,47,5,8,12,19,61,65,46.3,3.4,44.4,7.3,47.5,4.9,769,63,480,47,359,49,121,43,289,59,211,47,78,42,247,45,91,40,57,29,54,39,31,23,0,11,211,47,78,42,0,11,0,11,0,11,0,11,0,11,913,135,913,135,844,117,69,54,0,11,597,101,NA,NA,NA,NA,NA,NA,NA,NA,NA,NA,54179,5483,55096,5701,42292,29601,14,14,0,11,0,11,0,11,0,11,0,11,6,9,0,11,0,11,0,11,11,12,16,14,62,34,68,42,51,30,356,108,82,40,107,44,151,72,54,31,229,100,123,44,41,24,11,11,754,107,703,111,51,36,46,34,5,8,0,11,0,11,0,11,19,29,0,11,0,11,0,11,19,29,0,11,0,11,0,11,0,11,0,11,0,11,63,38,45,30,59,36,34,21,25,17,23,17,42,29,20,17,43,27,42,34,111,53,57,27,106,42,61,42,35,21,47,35,19,13,12,17,109,42,525,125,156,77,34,36,0,11
"Census Tract 119","St. Joseph County","Indiana","18141011900","Census Tract 119, St. Joseph County, Indiana",4226,310,1823,116,1675,141,148,102,1441,165,234,105,0,11,0,11,0,11,65,60,16,3.8,106700,11972,146400,12622,231100,32312,1151,148,426,61,19,1.8,10.1,4,737,101,71394,11207,37607,12486,NA,NA,690,33,NA,NA,1068,308,NA,NA,NA,NA,701,57,3675,336,152,158,0,11,22,27,10,15,45,43,322,176,44.9,4.8,43.5,4.2,50.3,8.5,1675,141,1153,132,932,128,221,90,522,128,450,117,72,54,706,120,155,69,168,76,49,41,56,30,19,23,450,117,67,54,5,10,0,11,0,11,0,11,0,11,2137,263,2137,263,2065,261,72,58,0,11,1327,207,543300,432407,213900,229177,329400,359623,NA,NA,329400,359623,54761,7898,58438,12625,46000,12628,19,22,0,11,0,11,0,11,0,11,0,11,0,11,0,11,54,65,0,11,0,11,36,35,71,61,71,71,58,40,879,183,66,40,199,90,354,91,373,104,512,130,260,91,55,48,57,54,1884,285,1767,245,117,80,107,78,0,11,10,15,0,11,0,11,0,11,0,11,0,11,0,11,0,11,0,11,0,11,0,11,0,11,4,17,0,11,142,70,26,23,59,57,80,59,138,79,103,63,38,29,138,85,47,33,157,82,117,63,158,72,190,73,182,82,59,38,75,44,108,57,9,15,317,115,818,220,620,226,86,57,179,133
"Census Tract 123","St. Joseph County","Indiana","18141012300","Census Tract 123, St. Joseph County, Indiana",3654,38,1555,119,1351,94,204,73,1076,89,275,83,56,32,13,16,9,14,0,11,24.3,3.4,106200,9286,160500,9131,270400,47738,1178,115,394,57,18.8,1.3,11.4,2.4,801,84,68560,5445,33438,7256,NA,NA,590,241,852,57,950,96,NA,NA,NA,NA,846,64,3404,145,6,7,5,7,79,63,12,17,0,11,148,122,49,3.8,45.5,3.7,50.9,2.6,1351,94,943,78,809,76,134,38,408,94,359,90,49,44,469,76,200,58,155,50,59,28,11,13,49,18,359,90,49,44,0,11,0,11,0,11,0,11,0,11,1827,139,1827,139,1787,143,40,27,0,11,1208,145,NA,NA,NA,NA,NA,NA,NA,NA,NA,NA,56202,7480,65903,8278,39063,8833,29,32,2,4,0,11,0,11,0,11,0,11,0,11,0,11,0,11,5,6,15,13,28,17,59,46,45,26,20,20,854,113,84,39,218,83,478,143,293,68,373,88,171,67,17,18,21,26,1691,148,1514,156,177,68,152,66,5,6,11,8,0,11,9,13,0,11,0,11,0,11,0,11,0,11,0,11,0,11,0,11,0,11,16,17,0,11,59,44,54,29,52,30,29,17,55,29,79,32,104,47,96,60,76,43,45,46,133,58,145,53,175,52,125,60,67,34,86,47,30,22,13,16,348,153,655,127,444,143,205,94,101,77
"Census Tract 6","St. Joseph County","Indiana","18141000600","Census Tract 6, St. Joseph County, Indiana",2419,308,995,72,687,80,308,77,347,54,340,76,66,45,5,7,22,24,46,37,28.5,4.7,34200,7087,57600,6957,74700,4551,768,91,319,33,22,6.3,13.4,6.9,757,91,38125,10860,21875,6930,NA,NA,550,113,599,424,877,83,952,46,NA,NA,885,57,938,203,1255,283,6,9,50,63,0,11,17,30,153,91,24.9,1.7,22.1,2.4,28.8,3.8,687,80,450,77,172,53,278,69,237,67,206,63,31,21,98,58,96,47,92,57,53,38,33,25,78,39,206,63,22,18,9,11,0,11,0,11,0,11,0,11,1046,151,1046,151,921,150,125,56,0,11,566,132,NA,NA,NA,NA,NA,NA,NA,NA,NA,NA,35597,6809,36250,12932,35185,12481,38,34,0,11,0,11,0,11,0,11,0,11,0,11,0,11,0,11,24,29,25,26,56,37,48,63,74,41,13,16,374,84,66,33,99,51,174,58,57,34,82,41,50,23,7,11,14,11,767,176,646,139,121,73,98,69,20,24,0,11,0,11,3,7,104,102,104,102,0,11,0,11,0,11,0,11,0,11,0,11,6,8,11,11,0,11,25,20,62,33,14,12,98,43,55,38,78,46,26,18,58,38,20,18,5,7,142,68,80,37,34,22,15,17,0,11,0,11,0,11,130,101,206,70,402,153,128,87,38,47,9,14
"Census Tract 23","St. Joseph County","Indiana","18141002300","Census Tract 23, St. Joseph County, Indiana",1444,242,710,57,607,80,103,58,253,72,354,88,60,42,0,11,16,24,0,11,39.8,19.8,32700,3392,44600,9801,84500,21181,703,90,300,60,18.6,7.8,11.5,6.5,453,134,26207,11493,14127,4680,NA,NA,374,288,439,292,589,375,NA,NA,NA,NA,493,217,326,201,873,272,0,11,0,11,0,11,206,135,39,37,28.3,6.6,24.4,7.7,29.6,12.1,607,80,314,91,78,35,236,100,293,79,231,72,62,57,146,80,119,60,17,22,26,26,6,9,0,11,231,72,62,57,0,11,0,11,0,11,0,11,0,11,556,121,556,121,459,117,97,78,0,11,477,156,977700,724426,NA,NA,977700,724426,NA,NA,977700,724426,20391,4909,45313,17653,14655,6852,33,45,0,11,0,11,0,11,9,14,0,11,0,11,20,31,0,11,31,34,15,24,0,11,65,45,39,29,22,27,338,147,43,36,40,47,79,69,4,7,21,23,25,25,0,11,0,11,385,103,297,88,88,52,36,31,24,36,28,46,0,11,0,11,49,51,49,51,0,11,0,11,0,11,0,11,0,11,0,11,0,11,0,11,0,11,25,33,136,59,103,55,57,53,48,49,43,49,21,17,40,30,28,32,9,10,54,44,53,41,4,7,11,13,0,11,0,11,0,11,76,56,210,74,86,73,47,77,40,44,0,11
"Census Tract 24","St. Joseph County","Indiana","18141002400","Census Tract 24, St. Joseph County, Indiana",2944,409,1114,56,857,103,257,81,439,84,418,91,45,36,20,21,73,48,26,31,36.4,5,30300,9815,43000,3989,55000,4879,713,40,244,41,18.9,3,10.2,3.4,706,47,32112,8409,22727,3612,NA,NA,681,57,824,89,806,61,918,79,NA,NA,837,48,1409,300,888,210,28,44,0,11,69,81,409,208,141,78,31.2,4.4,29.4,5.7,32.1,5.5,857,103,621,96,279,64,342,81,236,64,186,62,50,29,178,62,130,51,139,65,117,53,34,24,23,24,186,62,44,28,6,11,0,11,0,11,0,11,0,11,1232,192,1232,192,1109,179,123,50,0,11,756,147,NA,NA,NA,NA,NA,NA,NA,NA,NA,NA,29818,3987,37438,8473,26862,3275,27,24,0,11,0,11,10,15,0,11,18,27,17,20,15,17,123,68,55,59,25,25,23,22,99,63,86,65,88,62,629,139,162,58,82,43,115,43,90,42,37,26,17,14,0,11,0,11,1022,185,768,168,254,85,184,84,36,32,34,34,0,11,0,11,5,9,5,9,0,11,0,11,0,11,0,11,0,11,0,11,11,18,0,11,4,6,26,31,69,34,51,40,74,41,135,57,103,51,60,40,84,49,40,30,39,26,52,30,95,50,39,28,16,16,0,11,0,11,0,11,46,38,494,145,282,86,102,62,144,94,0,11
"Census Tract 28","St. Joseph County","Indiana","18141002800","Census Tract 28, St. Joseph County, Indiana",2389,298,1019,51,898,88,121,70,442,82,456,103,22,36,0,11,23,37,0,11,41.1,14.9,40200,4622,57400,10269,85600,11104,785,68,236,30,19.9,6.1,9,NA,698,52,43333,8987,16923,9583,NA,NA,624,137,704,32,963,294,NA,NA,NA,NA,705,50,991,222,931,225,18,21,7,10,0,11,199,134,243,173,28.5,4.2,25.8,4.9,34,7.3,898,88,554,102,227,69,327,98,344,101,284,86,60,62,248,93,143,55,53,29,97,50,6,10,7,13,284,86,60,62,0,11,0,11,0,11,0,11,0,11,1255,174,1255,174,1173,167,82,44,0,11,475,137,NA,NA,NA,NA,NA,NA,NA,NA,NA,NA,35000,16094,57632,10873,20402,4100,52,28,0,11,0,11,0,11,0,11,2,11,7,13,30,33,25,28,0,11,5,8,102,62,10,18,40,29,8,9,386,79,137,65,95,58,295,131,76,40,135,65,19,20,0,11,0,11,1048,159,898,155,150,88,66,58,74,55,10,14,0,11,0,11,42,41,42,41,0,11,0,11,0,11,0,11,0,11,0,11,0,11,29,29,0,11,13,15,88,40,92,62,94,53,84,65,74,45,17,17,53,33,42,30,40,42,49,28,116,77,116,53,29,30,4,7,0,11,0,11,56,45,391,142,441,146,212,134,9,15,21,35
"Census Tract 113.01","St. Joseph County","Indiana","18141011301","Census Tract 113.01, St. Joseph County, Indiana",6127,470,3732,250,2924,225,808,241,1406,184,1518,207,59,78,287,172,204,154,0,16,39.6,8.8,82600,15515,111400,4347,134200,13757,907,94,353,82,17.7,3.9,9,NA,799,76,65365,14175,25042,2997,NA,NA,924,294,870,111,993,148,NA,NA,NA,NA,901,111,4798,532,682,346,246,180,297,126,0,16,46,55,58,44,34.5,3,31.7,3.1,38.9,8.2,2924,225,1247,190,774,152,473,157,1677,256,1340,240,337,141,588,153,383,128,224,83,32,31,20,29,0,16,1340,240,280,138,51,57,6,13,0,16,0,16,0,16,2972,334,2972,334,2883,332,89,75,0,16,2251,354,2323500,1535032,437800,535859,1885700,1453240,NA,NA,1885700,1453240,35724,7027,57813,14201,23991,2772,26,39,0,16,0,16,0,16,0,16,0,16,0,16,5,10,0,16,12,18,169,117,12,20,113,108,50,51,67,52,847,222,145,83,427,221,511,140,139,84,900,217,694,180,54,60,125,96,2256,329,2164,328,92,73,89,72,0,16,0,16,0,16,3,6,25,38,25,38,0,16,0,16,0,16,0,16,21,33,0,16,25,34,289,161,0,16,113,76,409,172,234,117,236,114,196,128,238,129,127,83,164,83,89,66,78,55,202,88,310,113,273,112,90,65,198,85,61,63,19,25,176,98,1040,295,1008,253,401,213,101,125,0,16
"Census Tract 113.02","St. Joseph County","Indiana","18141011302","Census Tract 113.02, St. Joseph County, Indiana",6109,457,3229,139,2700,204,529,143,1916,185,784,148,206,115,44,72,44,52,117,109,26.1,6.3,118600,10994,154000,8371,186700,7389,1095,98,411,24,16.4,1.4,9,NA,847,62,85811,8189,37969,5751,773,24,698,51,901,74,1064,242,NA,NA,NA,NA,812,69,5069,413,735,387,22,36,15,24,0,16,164,166,104,91,40.8,4.4,37.7,4.5,45.8,5.9,2700,204,1696,173,1403,186,293,122,1004,186,847,177,157,84,914,135,396,141,330,131,28,31,14,22,14,26,847,177,131,82,10,16,16,22,0,16,0,16,0,16,3370,372,3370,372,3274,369,96,70,0,16,1720,275,NA,NA,NA,NA,NA,NA,NA,NA,NA,NA,65952,12114,84306,6697,38643,7317,0,16,0,16,0,16,0,16,0,16,0,16,0,16,0,16,0,16,0,16,17,27,0,16,0,16,47,43,115,115,914,178,95,67,384,142,694,231,422,151,874,196,627,208,106,80,141,80,3022,381,2704,373,318,150,268,141,6,13,19,29,25,43,0,16,34,55,34,55,0,16,0,16,0,16,0,16,0,16,0,16,8,13,32,49,0,16,154,99,63,51,29,34,185,92,66,41,71,68,193,111,125,63,52,49,44,42,329,134,304,131,431,127,325,124,145,63,173,69,165,86,41,54,649,168,1822,363,625,248,66,51,47,58
"Census Tract 2","St. Joseph County","Indiana","18141000200","Census Tract 2, St. Joseph County, Indiana",4265,616,1509,73,1260,109,249,101,689,145,571,149,65,57,0,11,0,11,16,27,36.3,6.9,40600,3343,47900,3495,88300,25904,709,154,293,87,19.6,6.3,9,NA,760,102,40813,10317,22730,4535,NA,NA,NA,NA,775,86,882,50,NA,NA,NA,NA,863,51,2413,766,1548,507,0,11,0,11,0,11,2,19,302,213,27,1.4,24.8,7.2,27.5,2.4,1260,109,931,130,494,143,437,163,329,94,329,94,0,11,367,91,95,70,174,110,109,89,120,98,66,70,329,94,0,11,0,11,0,11,0,11,0,11,0,11,1838,268,1838,268,1590,257,248,122,0,11,739,167,3673700,2141156,217200,208403,3456500,2110592,477600,534043,2979000,2097140,35923,4169,44844,10139,30023,19357,62,47,0,11,0,11,0,11,0,11,0,11,0,11,0,11,0,11,0,11,35,38,65,70,25,25,111,96,37,44,374,176,288,153,140,83,486,213,162,101,349,149,72,52,19,30,16,19,1440,275,1300,242,140,104,110,87,9,13,21,36,0,11,0,11,17,26,17,26,0,11,0,11,0,11,0,11,0,11,0,11,0,11,17,25,47,71,26,27,219,111,78,66,36,42,95,61,40,34,121,88,124,86,71,77,98,93,47,40,68,42,131,62,63,74,0,11,69,73,0,11,17,26,699,302,330,127,261,175,240,219,0,11
"Census Tract 3.01","St. Joseph County","Indiana","18141000301","Census Tract 3.01, St. Joseph County, Indiana",2331,278,1150,40,974,85,176,80,496,89,478,89,49,53,5,9,56,58,0,11,27.6,11.6,59000,7495,75600,3813,89100,7070,833,88,359,39,19.1,2.7,9,NA,805,42,56190,10641,34444,7195,NA,NA,550,112,873,40,912,89,NA,NA,NA,NA,850,37,1719,225,254,160,70,85,72,89,10,19,147,163,59,60,32.8,3.2,33.9,5.6,32,4.1,974,85,566,104,355,69,211,85,408,80,343,72,65,49,252,72,167,80,119,46,18,19,10,16,0,11,343,72,55,46,10,17,0,11,0,11,0,11,0,11,1303,195,1303,195,1257,185,46,34,0,11,500,107,NA,NA,NA,NA,NA,NA,NA,NA,NA,NA,45577,13453,55238,10659,33611,18322,69,55,0,11,0,11,0,11,0,11,0,11,0,11,0,11,0,11,0,11,5,10,82,71,45,36,76,68,9,14,354,121,98,59,127,52,167,72,136,72,184,86,98,57,17,25,38,47,1070,158,956,158,114,61,90,55,9,15,15,17,0,11,0,11,3,6,3,6,0,11,0,11,0,11,0,11,0,11,0,11,59,62,56,65,6,10,29,23,39,31,100,67,47,34,87,67,18,19,61,36,99,48,33,27,21,26,136,71,130,61,123,52,29,30,41,30,10,13,0,11,102,121,349,114,579,151,168,112,22,26,0,11
"Census Tract 9","St. Joseph County","Indiana","18141000900","Census Tract 9, St. Joseph County, Indiana",1092,152,664,43,501,55,163,53,122,31,379,60,39,33,38,34,0,11,0,11,30.5,6.1,54200,20716,84000,21928,137000,15398,658,120,319,132,18.9,4.6,9,NA,858,95,51406,15733,35625,22225,NA,NA,627,145,1134,116,1239,476,NA,NA,NA,NA,980,103,834,143,147,72,0,11,26,38,0,11,33,42,52,53,32.8,4.6,32.6,4.8,34.2,7.7,501,55,127,31,67,22,60,26,374,63,275,54,99,48,55,21,39,20,33,20,0,11,0,11,0,11,275,54,84,43,12,13,0,11,0,11,3,5,0,11,627,132,627,132,587,121,40,38,0,11,362,80,NA,NA,NA,NA,NA,NA,NA,NA,NA,NA,49514,9985,43571,15152,50050,10108,34,36,0,11,0,11,5,11,0,11,13,27,0,11,0,11,20,30,6,9,15,19,15,15,10,12,15,16,0,11,93,41,20,30,56,30,79,43,30,17,178,70,93,41,15,13,28,17,478,110,427,103,51,32,51,32,0,11,0,11,0,11,0,11,31,26,31,26,0,11,0,11,0,11,0,11,0,11,0,11,18,17,28,21,0,11,16,14,44,25,39,32,28,16,26,25,48,33,24,16,20,17,7,9,18,16,85,33,36,21,51,23,18,15,20,16,37,29,0,11,43,36,220,55,247,104,61,44,0,11,0,11
"Census Tract 26","St. Joseph County","Indiana","18141002600","Census Tract 26, St. Joseph County, Indiana",3345,473,1273,56,1184,90,89,72,884,130,300,96,16,28,0,11,0,11,0,11,28.6,8.9,56700,4350,66600,4224,75300,3140,810,53,281,37,25.1,3.2,11.4,1.8,667,65,43466,6914,19441,2636,NA,NA,477,27,533,44,NA,NA,NA,NA,NA,NA,512,65,1845,371,843,297,0,11,0,11,0,11,591,394,66,76,29.2,5.2,22.9,9.1,32.8,6.3,1184,90,708,133,516,133,192,89,476,110,413,104,63,57,239,105,104,66,98,61,166,97,50,45,51,51,413,104,63,57,0,11,0,11,0,11,0,11,0,11,1359,216,1359,216,1314,213,45,44,0,11,846,185,NA,NA,NA,NA,NA,NA,NA,NA,NA,NA,31042,12549,38750,8990,15417,12569,13,21,0,11,0,11,0,11,0,11,0,11,4,9,0,11,112,109,7,13,7,13,48,48,166,79,109,74,33,37,441,132,281,109,95,54,229,115,86,54,91,64,63,47,0,11,0,11,1196,222,1055,194,141,80,98,62,43,51,0,11,0,11,0,11,26,35,26,35,0,11,0,11,0,11,0,11,0,11,0,11,0,11,24,27,34,34,11,17,167,85,16,18,126,91,138,93,140,85,20,24,55,46,132,68,91,61,121,99,28,24,78,55,28,31,7,12,5,14,32,48,7,14,278,111,504,160,470,213,0,11,32,90
"Census Tract 34","St. Joseph County","Indiana","18141003400","Census Tract 34, St. Joseph County, Indiana",4012,734,1647,100,1328,157,319,136,601,103,727,143,62,64,0,11,7,10,44,48,30.7,14,42500,5979,57300,7520,83500,18044,784,88,354,49,18.4,3,9,NA,728,42,38273,4690,22241,17561,NA,NA,508,384,722,71,804,253,872,69,NA,NA,804,63,1844,406,1583,557,9,15,0,11,0,11,287,171,289,172,36.3,8.4,38,8,33.2,11.4,1328,157,924,160,335,119,589,177,404,117,355,117,49,47,398,129,177,84,164,92,108,63,67,74,10,17,355,117,33,35,16,25,0,11,0,11,0,11,0,11,1860,364,1860,364,1681,361,179,78,0,11,1079,253,NA,NA,NA,NA,NA,NA,NA,NA,NA,NA,37787,3421,50625,11479,31397,13657,5,9,0,11,0,11,0,11,0,11,55,51,15,27,86,57,16,32,16,25,153,154,146,102,68,65,129,100,26,29,721,192,192,110,64,50,289,101,200,118,214,100,9,15,0,11,0,11,1486,297,1237,240,249,131,218,129,30,33,0,11,0,11,1,3,31,37,31,37,0,11,0,11,0,11,0,11,0,11,0,11,0,11,23,34,98,119,31,47,174,107,59,50,106,74,120,89,32,35,90,54,222,111,53,50,51,44,74,54,161,87,161,83,11,16,14,22,0,11,0,11,14,23,853,319,521,200,194,101,86,103,0,11
"Census Tract 35","St. Joseph County","Indiana","18141003500","Census Tract 35, St. Joseph County, Indiana",2684,268,1321,64,1177,112,144,84,538,86,639,112,51,57,0,11,72,63,0,11,25.9,4.9,56600,4053,66700,3354,82400,5582,832,89,264,47,18.8,3.6,9,NA,637,135,32260,9002,27477,5331,NA,NA,712,528,438,45,833,216,NA,NA,NA,NA,553,128,2125,221,423,173,0,11,0,11,0,11,33,48,103,88,31.5,3.2,31.8,5.5,31.4,3.9,1177,112,638,99,274,75,364,112,539,118,478,117,61,41,340,104,150,77,74,44,38,32,25,28,11,14,478,117,37,42,24,21,0,11,0,11,0,11,0,11,1411,198,1411,198,1290,208,121,76,0,11,637,149,NA,NA,NA,NA,NA,NA,NA,NA,NA,NA,30742,2341,36641,6101,27946,6202,17,18,0,11,0,11,0,11,0,11,2,4,0,11,0,11,0,11,0,11,14,14,46,59,49,40,70,77,45,37,608,166,61,44,201,89,293,92,98,51,224,95,43,40,0,11,0,11,1134,189,1039,172,95,79,93,79,0,11,0,11,0,11,2,4,55,63,55,63,0,11,0,11,0,11,0,11,0,11,0,11,10,17,11,19,0,11,35,35,220,103,45,34,66,46,97,64,113,55,184,99,113,68,24,19,6,11,84,43,122,65,35,26,59,39,0,11,0,11,9,14,50,68,414,119,512,204,178,99,89,101,0,11
"Census Tract 113.05","St. Joseph County","Indiana","18141011305","Census Tract 113.05, St. Joseph County, Indiana",4484,263,1675,71,1662,79,13,20,1609,78,53,32,0,11,0,11,0,11,0,11,17.3,7.4,131800,7568,167200,5095,217800,21463,1201,119,452,23,16.5,1.4,9,NA,860,88,102679,8381,36736,9342,NA,NA,NA,NA,NA,NA,NA,NA,NA,NA,NA,NA,850,712,3980,327,201,153,0,11,268,186,0,11,0,11,35,53,48.6,3.9,51.8,6.7,47.2,8.8,1662,79,1291,102,1201,106,90,46,371,82,352,84,19,21,684,118,216,61,179,71,150,63,53,38,9,14,352,84,19,21,0,11,0,11,0,11,0,11,0,11,2046,186,2046,186,2000,189,46,36,0,11,1505,163,NA,NA,NA,NA,NA,NA,NA,NA,NA,NA,82823,10340,82621,9324,95568,30708,14,21,0,11,0,11,0,11,36,53,0,11,0,11,0,11,17,21,21,31,14,19,22,23,0,11,33,30,29,24,455,110,44,32,92,46,376,109,223,75,1001,175,545,98,141,73,178,64,1832,171,1682,167,150,68,97,54,0,11,0,11,0,11,53,39,9,14,9,14,0,11,0,11,0,11,0,11,0,11,0,11,0,11,0,11,11,17,93,59,73,54,7,11,18,14,50,36,83,46,61,44,54,33,89,51,31,24,61,39,231,66,174,57,209,69,100,51,211,83,210,76,18,19,165,68,1026,171,534,165,166,111,36,60
"Census Tract 113.06","St. Joseph County","Indiana","18141011306","Census Tract 113.06, St. Joseph County, Indiana",2938,260,1253,68,1204,77,49,54,1108,89,96,51,0,11,0,11,0,11,0,11,20.1,3.9,159100,14249,232400,14950,349200,58326,1494,419,461,40,17.7,3.7,9,NA,997,185,110521,30534,65469,25665,NA,NA,NA,NA,NA,NA,1176,149,NA,NA,NA,NA,1199,147,2707,287,78,85,6,11,115,92,0,11,32,32,0,11,53.7,4.2,53.4,5.8,54,4.8,1204,77,845,96,788,89,57,35,359,89,329,91,30,25,517,96,101,47,124,53,50,26,37,44,16,18,329,91,30,25,0,11,0,11,0,11,0,11,0,11,1404,172,1404,172,1348,169,56,37,0,11,1002,154,NA,NA,NA,NA,NA,NA,NA,NA,NA,NA,100972,19144,103561,11977,71058,14384,0,11,0,11,0,11,0,11,0,11,0,11,0,11,0,11,0,11,0,11,26,38,0,11,0,11,8,13,7,12,409,98,20,23,161,76,180,91,186,79,561,109,433,107,144,66,78,58,1224,163,1210,159,14,21,14,21,0,11,0,11,0,11,0,11,0,11,0,11,0,11,0,11,0,11,0,11,0,11,0,11,0,11,0,11,10,13,102,64,18,20,37,30,20,22,35,30,50,37,21,22,20,24,51,37,20,21,105,58,81,54,130,51,147,71,90,49,126,64,253,79,12,20,205,89,761,183,257,120,83,72,18,28
"Census Tract 1","St. Joseph County","Indiana","18141000100","Census Tract 1, St. Joseph County, Indiana",2109,196,961,34,867,56,94,46,495,67,372,76,12,19,33,36,13,21,0,11,39.3,11.6,61100,2348,68400,2521,78200,3264,777,41,298,40,17.3,3.6,11.5,2.1,628,111,43214,11312,22240,13912,NA,NA,NA,NA,573,190,677,461,NA,NA,NA,NA,650,186,999,144,976,191,0,11,12,18,0,11,45,59,77,45,35.8,5.5,40.7,8.8,33.2,6.2,867,56,516,69,308,62,208,61,351,70,313,72,38,24,246,60,114,51,105,48,37,29,7,12,7,11,313,72,38,24,0,11,0,11,0,11,0,11,0,11,1037,127,1037,127,935,125,102,57,0,11,510,87,957800,675592,64700,73370,893100,671624,NA,NA,893100,671624,34663,7629,49420,9674,20643,4666,23,24,0,11,0,11,0,11,0,11,31,26,0,11,0,11,40,22,20,25,25,28,35,29,68,47,59,42,50,31,362,103,70,37,103,42,273,62,56,35,101,48,53,37,8,12,0,11,803,114,725,122,78,43,59,43,19,15,0,11,0,11,0,11,21,21,21,21,0,11,0,11,0,11,0,11,0,11,0,11,0,11,40,50,0,11,30,27,135,65,49,29,70,34,85,50,41,26,57,22,60,37,42,34,49,31,57,28,107,51,41,25,59,38,4,6,6,9,5,8,106,81,171,62,400,125,177,71,40,34,0,11
"Census Tract 4","St. Joseph County","Indiana","18141000400","Census Tract 4, St. Joseph County, Indiana",2186,361,1091,54,836,78,255,71,416,74,420,85,28,31,0,11,13,21,11,18,51,NA,25800,7773,38900,13745,63300,9318,684,126,340,167,39.6,23.1,15.6,5.6,713,104,18333,6860,19167,6303,NA,NA,NA,NA,843,85,910,101,NA,NA,NA,NA,866,56,929,172,1104,402,0,11,0,11,0,11,58,90,95,114,28.5,9.8,23.8,17.7,31.6,7.6,836,78,466,84,134,54,332,79,370,85,282,77,88,56,215,82,74,57,94,50,26,27,50,49,7,10,282,77,88,56,0,11,0,11,0,11,0,11,0,11,937,173,937,173,764,155,173,76,0,11,606,160,NA,NA,NA,NA,NA,NA,NA,NA,NA,NA,19000,4042,28278,6034,10909,5858,17,23,0,11,0,11,0,11,0,11,0,11,13,20,9,14,25,26,0,11,18,26,47,43,92,58,121,64,15,20,446,157,67,45,65,42,192,82,52,41,37,26,17,15,0,11,0,11,631,132,397,98,234,113,175,101,59,56,0,11,0,11,0,11,55,50,43,40,0,11,0,11,12,20,0,11,0,11,0,11,19,21,19,20,29,27,11,16,265,90,92,46,85,46,96,64,45,40,41,29,62,40,38,32,16,17,10,14,54,32,8,12,22,25,2,5,0,11,0,11,150,96,264,105,251,71,66,50,5,14,27,35
"Census Tract 12","St. Joseph County","Indiana","18141001200","Census Tract 12, St. Joseph County, Indiana",2317,131,936,33,876,57,60,47,780,58,96,40,0,11,0,11,0,11,0,11,21.3,5.8,107000,4342,139200,10112,199600,32799,1129,53,419,40,17,3.2,9,NA,999,68,94063,19433,46458,13772,NA,NA,NA,NA,NA,NA,1402,671,NA,NA,NA,NA,1348,379,2076,149,112,110,0,11,5,7,0,11,81,59,43,33,37.2,4.3,34.4,2.2,41.6,2.7,876,57,597,55,540,55,57,25,279,50,248,49,31,26,297,54,109,42,91,34,33,16,49,24,18,13,248,49,31,26,0,11,0,11,0,11,0,11,0,11,1198,95,1198,95,1158,90,40,25,0,11,572,75,NA,NA,NA,NA,NA,NA,NA,NA,NA,NA,71964,8896,72700,8625,65938,33470,19,19,0,11,0,11,0,11,0,11,0,11,0,11,0,11,21,19,0,11,9,13,23,23,11,12,23,32,15,12,149,37,28,20,92,46,153,44,59,32,406,73,284,56,108,40,138,47,963,87,854,96,109,43,83,35,26,24,0,11,0,11,0,11,0,11,0,11,0,11,0,11,0,11,0,11,0,11,0,11,31,22,76,58,0,11,58,32,16,14,23,19,10,15,35,20,29,33,41,22,22,18,41,23,11,12,56,29,182,57,111,39,96,35,73,41,44,25,86,34,0,11,212,55,645,111,222,84,13,15,36,48
"Census Tract 17","St. Joseph County","Indiana","18141001700","Census Tract 17, St. Joseph County, Indiana",1230,221,953,39,697,76,256,78,68,34,629,82,138,60,60,51,0,11,0,11,27.2,1.7,86000,42972,98300,38208,NA,NA,1013,298,442,429,33.5,18.6,10.8,4,589,50,32279,14736,17451,6593,254,48,409,110,795,106,1078,315,NA,NA,NA,NA,565,67,646,117,538,192,16,24,0,11,0,11,0,11,30,31,49.4,9.1,46.2,11.8,55.6,11.5,697,76,115,47,57,29,58,35,582,79,519,71,63,43,53,26,37,31,18,14,2,5,0,11,5,10,519,71,47,34,16,25,0,11,0,11,0,11,0,11,463,123,463,123,421,111,42,34,0,11,625,133,NA,NA,NA,NA,NA,NA,NA,NA,NA,NA,21051,4807,29063,3162,19844,5010,0,11,0,11,0,11,0,11,0,11,33,72,0,11,0,11,0,11,0,11,5,8,24,25,30,26,36,35,6,10,223,89,72,45,126,52,180,66,32,30,110,44,72,38,8,10,45,38,323,90,287,86,36,31,15,15,14,19,7,23,0,11,0,11,54,36,53,35,0,11,0,11,1,5,0,11,5,7,0,11,17,24,17,15,0,11,5,8,101,46,154,58,75,41,49,39,58,33,60,41,12,13,37,25,14,14,36,22,50,33,41,23,0,11,8,11,2,4,0,11,46,46,214,67,113,69,25,28,11,25,0,11
"Census Tract 20","St. Joseph County","Indiana","18141002000","Census Tract 20, St. Joseph County, Indiana",1676,195,826,61,706,75,120,60,127,47,579,70,46,40,0,11,0,11,0,11,31.6,4.1,NA,NA,66800,18076,85400,34373,834,63,342,216,43.6,32.8,38.1,8.7,308,48,10662,7759,10828,1822,475,275,184,81,NA,NA,NA,NA,795,371,NA,NA,258,60,523,167,1002,172,0,11,0,11,0,11,30,33,121,82,33.4,3.9,19.9,9.6,35,2.9,706,75,335,60,94,45,241,58,371,77,337,74,34,31,109,47,85,50,88,40,35,30,6,8,12,18,337,74,34,31,0,11,0,11,0,11,0,11,0,11,535,105,535,105,385,95,150,62,0,11,584,107,NA,NA,NA,NA,NA,NA,NA,NA,NA,NA,10934,1809,18672,4207,9606,1423,27,21,0,11,0,11,0,11,0,11,0,11,0,11,7,11,18,27,6,8,30,30,6,8,34,33,42,41,30,28,169,71,90,50,154,58,141,60,93,46,53,33,10,12,5,8,13,13,258,79,220,79,38,29,38,29,0,11,0,11,0,11,0,11,72,46,72,46,0,11,0,11,0,11,0,11,0,11,10,14,5,8,19,23,8,11,0,11,319,68,116,59,80,50,43,32,48,36,24,32,5,8,11,11,0,11,31,29,13,14,16,15,0,11,0,11,0,11,0,11,104,57,156,65,107,54,5,8,0,11,0,11
"Census Tract 21","St. Joseph County","Indiana","18141002100","Census Tract 21, St. Joseph County, Indiana",1601,398,643,89,501,109,142,65,181,62,320,109,15,25,0,11,16,25,16,25,51,NA,26900,3662,32100,3070,45700,13378,726,168,277,70,41.9,42.6,16.8,5,731,50,13822,10405,14500,5633,NA,NA,NA,NA,756,124,785,98,836,117,NA,NA,791,61,147,79,1245,364,15,16,0,11,0,11,140,183,54,55,25.9,3.5,26.4,9.7,25.6,5.5,501,109,395,116,81,47,314,118,106,43,106,43,0,11,48,32,180,92,74,49,71,60,9,15,13,14,106,43,0,11,0,11,0,11,0,11,0,11,0,11,607,177,607,177,497,150,110,70,0,11,315,118,3479500,1684749,NA,NA,3479500,1684749,1336100,1284273,2143400,1231361,15729,9779,21797,18419,13629,8268,24,24,0,11,0,11,0,11,14,16,0,11,0,11,0,11,0,11,0,11,15,23,22,29,73,56,104,83,19,18,219,84,95,62,68,46,103,78,63,45,31,20,8,12,0,11,2,4,396,133,354,126,42,38,28,31,14,21,0,11,0,11,0,11,14,21,14,21,0,11,0,11,0,11,0,11,8,12,0,11,0,11,0,11,0,11,38,30,126,76,121,67,32,28,24,28,0,11,56,52,36,37,6,9,18,16,16,15,12,13,22,22,26,34,6,10,0,11,0,11,34,36,185,91,169,99,41,47,27,29,0,11
"Census Tract 22","St. Joseph County","Indiana","18141002200","Census Tract 22, St. Joseph County, Indiana",3349,334,1122,60,934,81,188,55,593,75,341,83,22,23,13,20,0,11,10,17,24.5,12.2,30200,3190,42700,4494,58600,10344,804,48,274,48,22.9,1.3,9,NA,691,59,42981,7035,25114,7574,NA,NA,NA,NA,725,30,788,88,729,65,NA,NA,730,22,1814,289,622,190,10,16,0,11,0,11,764,267,139,130,29.2,3.8,27.6,5.9,30.3,5.4,934,81,709,81,370,62,339,89,225,58,201,54,24,19,222,68,183,67,36,32,109,51,98,59,61,37,201,54,15,14,9,14,0,11,0,11,0,11,0,11,1557,199,1557,199,1384,175,173,75,0,11,753,140,1527100,654659,1058000,593864,469100,295864,106400,102302,362700,277416,42794,7957,45801,3733,29236,5469,54,38,0,11,0,11,16,25,0,11,20,30,27,25,41,56,127,67,20,20,44,41,76,46,50,37,155,63,57,40,473,116,134,48,156,60,181,74,62,42,131,66,26,22,7,10,4,7,1247,180,995,192,252,100,202,83,21,24,24,25,5,8,0,11,26,33,26,33,0,11,0,11,0,11,0,11,0,11,0,11,0,11,33,29,13,14,30,28,40,26,42,31,55,37,132,52,66,40,81,44,27,27,69,39,111,73,126,52,119,53,31,25,14,17,7,11,0,11,14,23,44,37,314,94,385,124,382,147,126,97,98,107
"Census Tract 30","St. Joseph County","Indiana","18141003000","Census Tract 30, St. Joseph County, Indiana",1758,378,818,45,571,83,247,80,262,58,309,81,44,41,0,11,10,16,16,25,29.4,11.6,26800,12173,50600,8880,59000,10564,782,145,314,87,19.7,8.8,9,NA,752,83,NA,NA,23750,8078,NA,NA,433,201,789,53,818,62,906,101,NA,NA,785,26,829,234,763,329,12,17,0,11,0,11,47,82,107,85,28.8,4,27.6,7.8,30.1,5.2,571,83,279,74,91,42,188,75,292,60,229,59,63,46,53,38,37,31,101,60,7,11,58,44,23,22,229,59,54,44,9,13,0,11,0,11,0,11,0,11,944,237,944,237,883,229,61,41,0,11,355,88,NA,NA,NA,NA,NA,NA,NA,NA,NA,NA,30795,10762,39219,27976,22250,12496,4,6,0,11,0,11,0,11,0,11,0,11,0,11,0,11,0,11,0,11,34,35,38,33,47,36,25,23,12,14,319,102,129,47,80,54,168,92,26,23,61,46,17,20,0,11,4,7,672,166,556,165,116,62,95,47,21,33,0,11,0,11,0,11,17,20,17,20,0,11,0,11,0,11,0,11,0,11,0,11,18,19,40,43,0,11,35,26,108,61,62,43,27,22,53,46,32,23,30,22,38,29,20,21,0,11,9,12,115,55,26,20,37,36,10,17,4,6,0,11,49,45,161,81,501,202,71,68,0,11,0,11
"Census Tract 117.01","St. Joseph County","Indiana","18141011701","Census Tract 117.01, St. Joseph County, Indiana",3879,224,1491,83,1325,81,166,78,1194,102,131,82,0,11,0,11,0,11,26,41,16.7,5.1,82100,37438,120800,8243,162200,7114,1126,73,411,45,19.3,2.2,12,1.3,747,194,65191,9424,31146,8522,NA,NA,NA,NA,NA,NA,619,37,NA,NA,NA,NA,619,37,3475,334,125,176,192,255,19,17,0,11,33,47,35,38,37.7,2.4,36.5,3.9,38.7,4.4,1325,81,1063,92,843,118,220,83,262,92,229,76,33,51,396,87,271,98,256,99,97,56,43,53,0,11,229,76,33,51,0,11,0,11,0,11,0,11,0,11,1996,198,1966,207,1917,209,49,36,30,45,1052,189,NA,NA,NA,NA,NA,NA,NA,NA,NA,NA,56893,11519,57214,11435,NA,NA,1,3,0,11,0,11,0,11,0,11,0,11,0,11,0,11,0,11,0,11,24,36,62,45,52,61,43,31,18,21,825,206,167,77,104,50,333,96,210,82,413,120,144,63,1,2,35,36,1827,205,1608,205,219,108,209,101,10,18,0,11,0,11,0,11,26,42,26,42,0,11,0,11,0,11,0,11,0,11,0,11,0,11,20,32,0,11,74,49,44,32,16,17,0,11,80,42,70,46,67,39,165,93,57,46,104,57,109,62,160,74,173,73,123,51,130,71,27,24,0,11,34,45,245,132,951,198,560,241,119,106,38,47
"Census Tract 3.02","St. Joseph County","Indiana","18141000302","Census Tract 3.02, St. Joseph County, Indiana",2685,306,1410,120,1136,128,274,118,345,80,791,143,144,111,0,11,0,11,0,11,33.3,4.9,83600,32179,121600,10568,141000,8016,1036,194,NA,NA,18.6,2.5,9,NA,746,46,34773,16305,35000,9040,NA,NA,632,28,790,37,913,644,NA,NA,NA,NA,739,44,1451,298,1046,291,0,11,77,91,0,11,0,11,111,102,35.1,3.9,32.3,3.1,44.2,9.7,1136,128,630,112,246,73,384,106,506,139,437,132,69,52,340,113,138,66,102,54,49,41,1,6,0,11,437,132,48,42,21,31,0,11,0,11,0,11,0,11,1516,229,1505,227,1399,220,106,77,11,17,587,190,NA,NA,NA,NA,NA,NA,NA,NA,NA,NA,36400,3884,81397,26532,27474,8544,0,11,0,11,0,11,0,11,0,11,9,22,0,11,0,11,8,13,0,11,13,15,12,14,52,45,59,40,63,55,521,158,114,76,149,99,305,127,228,103,158,81,110,63,27,41,12,20,1307,221,1198,196,109,100,56,63,39,58,14,22,0,11,0,11,76,71,76,71,0,11,0,11,0,11,0,11,0,11,0,11,0,11,6,19,0,11,10,17,107,76,110,71,102,62,62,44,57,43,88,55,94,62,50,43,45,40,119,62,44,38,113,71,98,54,47,41,0,11,0,11,75,72,653,216,482,176,132,143,57,79,0,11
"Census Tract 112.01","St. Joseph County","Indiana","18141011201","Census Tract 112.01, St. Joseph County, Indiana",632,128,454,36,285,61,169,50,158,40,127,33,19,16,45,44,18,21,0,11,31.7,16.3,69500,7831,90600,7746,138200,13953,860,44,325,107,21.3,3.2,9,NA,694,57,45000,8570,28125,9022,NA,NA,684,47,639,51,1125,637,857,116,NA,NA,725,55,547,116,18,12,4,6,47,31,0,11,7,8,9,6,33.5,5.6,32.4,4.3,35.3,7.6,285,61,132,40,93,32,39,17,153,33,110,29,43,20,69,29,45,17,8,8,9,7,0,11,1,3,110,29,30,16,5,4,1,3,7,10,0,11,0,11,298,68,298,68,285,65,13,9,0,11,231,72,NA,NA,NA,NA,NA,NA,NA,NA,NA,NA,35625,5886,52500,10518,19375,7435,0,11,0,11,0,11,0,11,0,11,0,11,0,11,0,11,0,11,0,11,0,11,3,4,6,5,10,10,5,6,138,47,21,9,14,10,42,17,20,10,108,30,66,28,5,6,12,12,251,59,223,54,28,15,16,10,7,6,3,4,0,11,2,3,4,4,4,4,0,11,0,11,0,11,0,11,0,11,5,5,5,5,14,11,0,11,2,3,51,21,19,11,21,14,19,9,9,7,20,12,16,9,9,7,14,9,29,17,13,12,39,14,4,4,2,6,12,10,8,7,9,6,92,28,96,40,48,23,18,12,18,16
"Census Tract 112.02","St. Joseph County","Indiana","18141011202","Census Tract 112.02, St. Joseph County, Indiana",8259,803,424,54,329,63,95,49,119,22,210,61,15,17,0,16,0,16,0,16,49.2,15.4,83200,11048,105900,20349,141600,20521,893,658,498,56,20,4.5,12,6.6,740,86,51250,40095,29750,10868,NA,NA,NA,NA,761,532,NA,NA,NA,NA,NA,NA,788,655,6847,678,340,114,15,22,668,198,0,16,30,24,359,90,20.6,0.3,20.9,0.4,20.4,0.3,329,63,130,48,108,47,22,17,199,58,75,31,124,45,124,47,0,16,0,16,6,1,0,16,0,16,75,31,122,46,2,4,0,16,0,16,0,16,0,16,3464,409,3464,409,3297,413,167,80,0,16,4777,553,NA,NA,NA,NA,NA,NA,NA,NA,NA,NA,34125,3988,68542,22589,27963,11603,0,16,0,16,0,16,0,16,0,16,0,16,0,16,0,16,0,16,0,16,0,16,0,16,0,16,23,31,6,8,80,46,23,29,55,66,39,25,11,12,398,178,188,101,79,102,148,82,562,130,460,127,102,46,102,46,0,16,0,16,0,16,0,16,3,6,3,6,0,16,0,16,0,16,0,16,0,16,0,16,143,165,2047,327,6,10,383,105,58,31,25,20,6,9,12,12,33,37,41,32,26,25,31,30,11,11,13,13,18,15,28,13,4,6,7,10,4,6,12,9,57,45,80,41,122,52,9,16,0,16,0,16
"Census Tract 114.03","St. Joseph County","Indiana","18141011403","Census Tract 114.03, St. Joseph County, Indiana",5761,395,2260,95,2077,130,183,129,1688,136,389,99,83,91,0,16,0,16,0,16,32.8,9.4,197500,28048,264500,14887,348700,26368,1664,66,468,46,18,2,9,NA,1345,175,113233,18593,34135,11065,NA,NA,1253,316,897,374,1367,179,NA,NA,NA,NA,1229,168,4749,398,323,235,0,16,627,225,0,16,0,16,62,72,40.1,2.7,40.5,4.1,39.6,4.4,2077,130,1517,138,1303,120,214,92,560,145,535,140,25,24,582,133,298,119,366,100,181,95,71,50,19,29,535,140,25,24,0,16,0,16,0,16,0,16,0,16,2904,265,2904,265,2874,267,30,33,0,16,1438,218,NA,NA,NA,NA,NA,NA,NA,NA,NA,NA,98324,7062,106167,13864,39375,15628,0,16,0,16,0,16,0,16,0,16,0,16,0,16,0,16,0,16,0,16,0,16,29,33,14,22,80,80,14,23,482,153,18,28,127,70,413,131,189,102,1432,238,487,143,127,80,258,96,2623,229,2321,210,302,140,207,116,15,25,80,76,0,16,0,16,0,16,0,16,0,16,0,16,0,16,0,16,0,16,0,16,0,16,15,25,14,23,209,105,15,24,16,25,165,91,105,85,105,90,85,55,38,36,69,54,14,22,32,36,130,76,294,107,252,105,216,105,187,89,354,104,14,23,474,158,1367,311,629,234,300,168,77,85
"Census Tract 114.04","St. Joseph County","Indiana","18141011404","Census Tract 114.04, St. Joseph County, Indiana",6963,287,2212,75,2108,106,104,79,2067,110,41,40,32,47,0,16,0,16,0,16,11.1,31.8,180300,9233,245800,20411,370200,20172,1485,131,397,73,14.9,1.5,9,NA,1359,115,128259,14518,53639,18424,NA,NA,NA,NA,NA,NA,NA,NA,NA,NA,NA,NA,1443,885,5538,395,269,294,21,40,866,253,0,16,13,19,256,156,39.3,1.6,38.6,1.9,40.3,1.9,2108,106,1907,110,1772,112,135,61,201,90,143,69,58,55,602,121,340,106,620,138,249,92,86,55,10,16,143,69,58,55,0,16,0,16,0,16,0,16,0,16,3509,240,3498,241,3419,236,79,59,11,23,1481,240,NA,NA,NA,NA,NA,NA,NA,NA,NA,NA,123000,9097,122471,9819,NA,NA,21,31,0,16,0,16,0,16,0,16,0,16,0,16,0,16,0,16,0,16,0,16,24,39,7,14,0,16,32,28,595,176,94,70,380,134,470,181,318,118,1230,214,522,138,437,159,205,103,3210,248,3090,239,120,95,82,74,0,16,38,57,0,16,0,16,12,21,12,21,0,16,0,16,0,16,0,16,0,16,0,16,0,16,12,18,0,16,109,64,20,31,27,31,12,21,25,29,38,38,41,38,46,45,47,65,15,24,173,83,126,69,211,92,305,115,224,101,265,110,533,138,60,59,144,90,1406,242,1188,252,489,229,56,48
"Census Tract 114.05","St. Joseph County","Indiana","18141011405","Census Tract 114.05, St. Joseph County, Indiana",3958,198,1214,47,1212,46,2,14,1171,58,41,37,0,11,0,11,0,11,2,14,NA,NA,164900,4633,202500,12440,247300,16794,1408,87,513,73,16.1,1.8,9,NA,1192,122,110000,6467,48750,6283,NA,NA,NA,NA,NA,NA,NA,NA,NA,NA,NA,NA,NA,NA,3574,272,38,40,0,11,82,54,4,9,0,11,260,187,36.3,1.9,37.1,3.5,35.5,2.3,1212,46,1052,59,988,69,64,43,160,58,133,52,27,27,325,68,260,73,266,79,151,59,30,32,20,25,133,52,27,27,0,11,0,11,0,11,0,11,0,11,2097,161,2097,161,2059,150,38,31,0,11,766,132,NA,NA,NA,NA,NA,NA,NA,NA,NA,NA,105872,9341,106657,8304,NA,NA,0,11,0,11,0,11,0,11,0,11,0,11,0,11,0,11,0,11,0,11,0,11,0,11,7,11,9,13,0,11,466,115,72,46,188,78,281,92,241,71,780,130,243,78,54,36,76,43,1927,171,1798,189,129,83,107,78,15,22,0,11,7,11,0,11,6,11,0,11,0,11,0,11,6,11,0,11,0,11,0,11,0,11,0,11,0,11,115,70,10,15,0,11,10,16,27,23,21,18,37,44,16,18,13,20,22,24,71,44,116,51,222,77,233,78,83,42,171,69,160,58,0,11,121,77,1154,170,517,152,152,85,104,100
"Census Tract 114.06","St. Joseph County","Indiana","18141011406","Census Tract 114.06, St. Joseph County, Indiana",5031,305,1813,93,1768,106,45,54,1631,102,137,90,0,16,0,16,25,39,6,9,9,NA,142700,10154,176200,10024,230400,11152,1232,62,358,31,16.2,1,9,NA,1084,58,97648,6563,56827,10801,NA,NA,NA,NA,NA,NA,NA,NA,NA,NA,NA,NA,2147,861,4323,299,174,201,0,16,409,222,50,57,11,18,64,53,42.1,2.3,41.1,4.5,42.7,2.5,1768,106,1523,113,1385,112,138,56,245,65,210,64,35,26,722,118,370,108,233,72,139,50,17,19,42,41,210,64,35,26,0,16,0,16,0,16,0,16,0,16,2616,195,2604,196,2553,192,51,34,12,18,1289,179,NA,NA,NA,NA,NA,NA,NA,NA,NA,NA,93029,6033,93177,7514,NA,NA,6,11,0,16,0,16,0,16,0,16,0,16,0,16,0,16,0,16,0,16,23,26,0,16,23,25,25,26,24,22,884,216,69,44,247,77,368,79,349,94,887,137,322,69,128,86,120,73,2327,207,2169,203,158,95,68,50,90,77,0,16,0,16,0,16,8,12,0,16,0,16,8,12,0,16,0,16,0,16,0,16,0,16,40,42,0,16,160,70,14,16,23,22,22,20,38,29,45,33,45,32,29,27,41,28,55,33,126,84,145,57,430,100,286,80,170,64,182,70,117,53,8,12,182,99,1114,195,693,182,467,183,71,85
"Census Tract 115.04","St. Joseph County","Indiana","18141011504","Census Tract 115.04, St. Joseph County, Indiana",1612,141,619,36,604,39,15,22,475,47,129,40,0,11,0,11,0,11,0,11,14.9,4.1,125700,17438,167200,10829,211100,13523,1182,147,353,32,20.5,2.9,9,NA,923,123,90250,10387,31250,5766,NA,NA,NA,NA,NA,NA,1056,108,992,880,NA,NA,1040,142,1483,138,52,43,5,8,19,16,0,11,5,9,48,38,44.1,8,45.6,10.7,43.8,9.6,604,39,441,50,337,49,104,39,163,42,97,28,66,32,205,41,92,32,97,32,33,21,14,14,0,11,97,28,62,31,4,5,0,11,0,11,0,11,0,11,897,122,897,122,849,120,48,27,0,11,423,77,NA,NA,NA,NA,NA,NA,NA,NA,NA,NA,73500,21695,81964,19466,61042,48242,6,9,0,11,0,11,0,11,0,11,0,11,0,11,0,11,0,11,0,11,41,29,10,11,37,27,22,14,12,11,313,86,20,15,74,38,118,38,84,35,253,58,88,38,18,16,18,20,776,117,719,112,57,50,12,12,45,48,0,11,0,11,0,11,0,11,0,11,0,11,0,11,0,11,0,11,0,11,0,11,6,8,5,8,6,9,42,20,22,24,9,9,3,6,40,21,41,22,42,25,7,8,17,14,25,17,18,13,81,31,100,35,85,45,60,31,28,21,26,18,0,11,77,29,432,107,228,91,55,39,43,43
"Census Tract 115.05","St. Joseph County","Indiana","18141011505","Census Tract 115.05, St. Joseph County, Indiana",3044,254,1820,204,1376,164,444,131,474,63,902,141,302,126,107,80,9,13,0,11,28.1,4.4,153400,15754,186000,16274,224500,14188,1350,84,393,212,22.1,4.5,10.4,3.7,916,47,68438,7762,31906,7979,NA,NA,797,24,937,52,948,46,NA,NA,NA,NA,869,31,2523,262,146,97,23,36,118,65,0,11,19,25,215,137,30.9,1.1,30.3,2.7,31,1.4,1376,164,727,108,546,100,181,89,649,138,554,125,95,56,430,111,115,45,88,49,47,28,37,39,10,14,554,125,88,55,0,11,7,10,0,11,0,11,0,11,1815,188,1815,188,1728,184,87,60,0,11,722,131,NA,NA,NA,NA,NA,NA,NA,NA,NA,NA,50769,7367,76296,9096,36571,12029,17,19,0,11,0,11,0,11,0,11,0,11,0,11,0,11,0,11,0,11,9,14,0,11,0,11,36,33,19,28,300,83,50,43,135,75,242,85,269,93,602,136,250,126,107,67,118,60,1623,183,1537,188,86,61,48,41,38,42,0,11,0,11,0,11,0,11,0,11,0,11,0,11,0,11,0,11,0,11,0,11,12,19,39,47,22,38,23,22,55,45,85,57,93,53,69,33,138,55,81,39,70,34,48,33,37,25,116,52,162,63,192,73,102,35,62,41,30,38,36,41,15,18,579,125,716,179,156,93,216,201,37,60
"Census Tract 115.06","St. Joseph County","Indiana","18141011506","Census Tract 115.06, St. Joseph County, Indiana",5120,451,2897,86,2459,190,438,182,639,157,1820,212,287,166,89,96,0,16,37,61,23.9,2.8,84400,10799,131900,27384,198500,52898,1150,252,383,70,23.9,2.9,10.7,2.8,750,56,45833,9809,35096,7956,734,75,722,33,825,131,1082,304,NA,NA,NA,NA,757,63,4073,414,732,266,0,16,44,53,0,16,147,181,124,94,34.3,2.5,33,3.6,37.4,5.7,2459,190,1268,192,721,183,547,161,1191,236,1060,221,131,81,763,190,215,110,167,107,99,83,24,36,0,16,1060,221,115,75,16,26,0,16,0,16,0,16,0,16,2411,313,2377,316,2281,299,96,65,34,52,1563,267,1575000,1000957,339800,373328,1235200,903970,NA,NA,1235200,903970,39078,5583,47545,9256,36466,4041,151,114,0,16,0,16,0,16,0,16,0,16,0,16,0,16,56,62,0,16,108,114,0,16,65,52,119,79,72,53,833,216,129,111,347,146,503,184,268,106,652,194,225,107,23,30,57,60,2259,295,1985,275,274,161,263,160,11,20,0,16,0,16,0,16,14,25,0,16,14,25,0,16,0,16,0,16,0,16,0,16,0,16,20,34,0,16,13,20,159,82,148,105,173,95,143,98,207,96,174,90,255,122,120,90,181,104,296,126,196,100,241,141,89,61,20,26,11,20,46,43,0,16,1138,243,823,219,290,205,36,61,19,36
"Census Tract 118.01","St. Joseph County","Indiana","18141011801","Census Tract 118.01, St. Joseph County, Indiana",1347,148,507,57,479,59,28,31,451,55,28,23,0,11,0,11,16,24,12,18,20.7,4.7,127500,14690,171200,9052,232600,28044,1280,91,382,25,16,2.1,9,NA,995,115,97143,7731,31645,7915,NA,NA,NA,NA,NA,NA,NA,NA,NA,NA,NA,NA,1125,127,1295,145,10,13,0,11,0,11,0,11,7,10,35,33,46.8,1.6,47,2.4,46.5,3.8,479,59,396,55,351,55,45,26,83,32,57,26,26,18,211,41,82,31,49,26,36,26,0,11,18,20,57,26,26,18,0,11,0,11,0,11,0,11,0,11,708,92,701,92,682,89,19,17,7,10,429,90,NA,NA,NA,NA,NA,NA,NA,NA,NA,NA,88295,12782,88977,13542,63500,42332,5,8,0,11,0,11,0,11,0,11,0,11,0,11,0,11,0,11,0,11,0,11,7,10,4,6,0,11,10,11,230,54,43,25,77,30,89,43,124,48,192,42,131,51,22,19,12,13,649,83,613,83,36,28,34,28,0,11,0,11,2,5,0,11,0,11,0,11,0,11,0,11,0,11,0,11,0,11,0,11,0,11,7,10,0,11,28,19,0,11,13,13,0,11,8,10,19,16,27,24,9,10,0,11,36,20,38,23,49,27,85,36,63,31,65,32,27,19,40,27,17,25,20,16,382,93,223,76,25,17,15,19
"Census Tract 118.02","St. Joseph County","Indiana","18141011802","Census Tract 118.02, St. Joseph County, Indiana",6234,430,2833,214,2790,211,43,65,2483,193,307,102,0,16,0,16,43,65,0,16,25.9,4.5,91200,5939,129600,6217,155600,8035,1107,60,414,40,17.9,1.4,13.2,2.7,864,135,69894,7978,22520,4982,NA,NA,416,104,929,191,1146,534,NA,NA,NA,NA,507,69,5844,412,324,99,8,17,0,16,0,16,28,43,30,39,50.5,5.8,50.3,6.5,50.8,6.5,2790,211,1865,160,1546,166,319,146,925,198,905,192,20,25,1211,206,284,112,228,116,78,63,64,54,0,16,905,192,20,25,0,16,0,16,0,16,0,16,0,16,2987,282,2987,282,2869,278,118,97,0,16,2199,260,NA,NA,NA,NA,NA,NA,NA,NA,NA,NA,60909,5677,63380,6422,19120,9330,91,67,0,16,0,16,0,16,0,16,9,19,0,16,0,16,0,16,0,16,26,30,7,15,110,86,38,36,67,48,1165,287,110,70,526,228,900,222,549,151,705,174,453,166,69,62,52,42,2640,334,2570,340,70,61,45,47,0,16,0,16,9,20,16,34,32,38,32,38,0,16,0,16,0,16,0,16,0,16,0,16,0,16,34,32,0,16,163,110,134,89,140,74,201,89,139,70,59,43,93,60,135,64,231,121,56,42,171,105,509,175,482,131,222,96,102,57,86,49,30,34,14,24,301,139,1551,290,768,305,114,105,105,126
