"GEOID","NAME","total_populationE","total_populationM","total_hous_unitsE","total_hous_unitsM","total_occ_hous_unitsE","total_occ_hous_unitsM","total_vac_hous_unitsE","total_vac_hous_unitsM","total_own_occ_unitsE","total_own_occ_unitsM","total_rent_occ_unitsE","total_rent_occ_unitsM","total_for_rent_unitsE","total_for_rent_unitsM","total_rented_non_occE","total_rented_non_occM","total_for_sale_unitsE","total_for_sale_unitsM","total_sold_non_occ_unitsE","total_sold_non_occ_unitsM","med_rent_over_incomeE","med_rent_over_incomeM","owner_hous_val_25th_perE","owner_hous_val_25th_perM","owner_hous_val_50th_perE","owner_hous_val_50th_perM","owner_hous_val_75th_perE","owner_hous_val_75th_perM","med_owner_cost_mortgE","med_owner_cost_mortgM","med_owner_cost_no_mortgE","med_owner_cost_no_mortgM","med_cost_over_income_mortgE","med_cost_over_income_mortgM","med_cost_over_income_no_mortgE","med_cost_over_income_no_mortgM","med_hous_costE","med_hous_costM","med_fam_incomeE","med_fam_incomeM","med_non_fam_incomeE","med_non_fam_incomeM","med_rent_0_bedE","med_rent_0_bedM","med_rent_1_bedE","med_rent_1_bedM","med_rent_2_bedE","med_rent_2_bedM","med_rent_3_bedE","med_rent_3_bedM","med_rent_4_bedE","med_rent_4_bedM","med_rent_5_plus_bedE","med_rent_5_plus_bedM","med_rentE","med_rentM","tot_whiteE","tot_whiteM","tot_blackE","tot_blackM","tot_nativeE","tot_nativeM","tot_asianE","tot_asianM","tot_pacificE","tot_pacificM","tot_otherE","tot_otherM","tot_two_plusE","tot_two_plusM","median_ageE","median_ageM","median_male_ageE","median_male_ageM","median_female_ageE","median_female_ageM","tot_householdsE","tot_householdsM","family_householdsE","family_householdsM","family_married_householdsE","family_married_householdsM","family_other_householdsE","family_other_householdsM","non_family_householdsE","non_family_householdsM","non_family_households_aloneE","non_family_households_aloneM","non_family_households_not_aloneE","non_family_households_not_aloneM","two_person_familyE","two_person_familyM","three_person_familyE","three_person_familyM","four_person_familyE","four_person_familyM","five_person_familyE","five_person_familyM","six_person_familyE","six_person_familyM","seven_plus_person_familyE","seven_plus_person_familyM","one_person_nonfamilyE","one_person_nonfamilyM","two_person_nonfamilyE","two_person_nonfamilyM","three_person_nonfamilyE","three_person_nonfamilyM","four_person_nonfamilyE","four_person_nonfamilyM","five_person_nonfamilyE","five_person_nonfamilyM","six_person_nonfamilyE","six_person_nonfamilyM","seven_plus_person_nonfamilyE","seven_plus_person_nonfamilyM","labor_forceE","labor_forceM","civilian_labor_forceE","civilian_labor_forceM","civilian_labor_force_employE","civilian_labor_force_employM","civilian_labor_force_unemployE","civilian_labor_force_unemployM","military_labor_forceE","military_labor_forceM","non_labor_forceE","non_labor_forceM","agg_income_deficitE","agg_income_deficitM","agg_income_deficit_marriedE","agg_income_deficit_marriedM","agg_income_deficit_nonmarriedE","agg_income_deficit_nonmarriedM","agg_income_deficit_no_wifeE","agg_income_deficit_no_wifeM","agg_income_deficit_no_husbandE","agg_income_deficit_no_husbandM","median_household_incomeE","median_household_incomeM","median_hh_income_ownE","median_hh_income_ownM","median_hh_income_rentE","median_hh_income_rentM","CensusTract","County","State"
"18141010900","Census Tract 109, St. Joseph County, Indiana",7834,173,3322,202,3135,184,187,131,2930,216,205,129,0,16,0,16,0,16,39,60,50,NA,105000,9349,151000,9401,211900,12875,1100,121,312,20,17.5,1.8,10,NA,773,92,78151,8042,33173,3863,NA,NA,NA,NA,792,450,NA,NA,NA,NA,NA,NA,792,450,7281,296,441,226,0,16,40,46,0,16,0,16,72,78,46.2,2.3,44.1,2.2,47.9,4.3,3135,184,2385,151,2037,204,348,128,750,188,663,185,87,58,1321,177,504,133,365,103,132,60,63,48,0,16,663,185,58,52,0,16,29,32,0,16,0,16,0,16,4030,302,4020,302,3941,313,79,80,10,16,2314,242,NA,NA,NA,NA,NA,NA,NA,NA,NA,NA,64010,12749,71267,9023,22529,20588,"Census Tract 109","St. Joseph County","Indiana"
"18141001500","Census Tract 15, St. Joseph County, Indiana",2665,361,1482,86,1138,113,344,104,612,104,526,100,149,80,0,11,101,73,0,11,50,NA,63000,5324,74600,3063,86000,5280,832,60,259,40,21.2,3.6,12.7,2.5,684,66,35508,9118,18878,6677,NA,NA,562,85,815,126,992,127,NA,NA,NA,NA,732,95,1748,291,582,255,13,21,241,231,0,11,11,17,70,83,35.9,6.7,31.8,9.9,37.2,4.9,1138,113,597,112,346,86,251,98,541,118,448,121,93,57,307,82,79,48,110,62,92,65,9,14,0,11,448,121,83,55,0,11,10,15,0,11,0,11,0,11,1308,221,1301,222,1217,233,84,53,7,11,678,179,NA,NA,NA,NA,NA,NA,NA,NA,NA,NA,28239,9627,40385,8467,12981,3196,"Census Tract 15","St. Joseph County","Indiana"
"18141002700","Census Tract 27, St. Joseph County, Indiana",2058,264,424,36,284,46,140,39,184,39,100,34,26,22,0,11,0,11,35,26,33.3,5.8,25400,5237,41200,7476,50000,7443,719,130,338,83,31.8,2.2,10,NA,602,74,32031,6425,37875,23779,NA,NA,NA,NA,757,490,631,230,NA,NA,NA,NA,754,254,1452,227,435,145,10,18,0,11,0,11,135,82,26,23,30.2,2,31.4,1.7,25.7,3.1,284,46,204,44,119,33,85,38,80,36,75,36,5,6,31,22,48,33,20,17,18,21,34,16,53,27,75,36,5,6,0,11,0,11,0,11,0,11,0,11,516,103,516,103,423,95,93,41,0,11,1083,154,NA,NA,NA,NA,NA,NA,NA,NA,NA,NA,34500,6410,38654,9813,20625,9961,"Census Tract 27","St. Joseph County","Indiana"
"18141010500","Census Tract 105, St. Joseph County, Indiana",3246,265,1321,43,1201,88,120,73,963,98,238,79,25,39,0,11,42,48,0,11,33.3,14.5,83300,3522,103700,13714,172600,24170,1082,77,360,33,21.1,2.4,11.5,3.9,785,132,63450,17351,24335,1287,NA,NA,613,26,688,54,934,255,NA,NA,NA,NA,719,107,2843,285,30,30,86,107,43,58,54,55,37,34,153,130,40.5,4,39.6,3.3,41.5,8.1,1201,88,843,105,656,95,187,71,358,99,306,91,52,41,425,94,186,81,85,46,72,49,58,56,17,22,306,91,18,21,34,39,0,11,0,11,0,11,0,11,1753,189,1753,189,1729,196,24,26,0,11,848,118,NA,NA,NA,NA,NA,NA,NA,NA,NA,NA,50172,8897,53021,9424,26944,9570,"Census Tract 105","St. Joseph County","Indiana"
"18141010600","Census Tract 106, St. Joseph County, Indiana",3580,384,1631,84,1337,134,294,126,736,102,601,137,73,60,29,42,0,11,0,11,35,7,62000,5599,80700,5887,108600,17906,878,43,297,31,18.9,2.2,10.3,2.8,675,46,53197,6504,22717,6214,NA,NA,610,70,665,39,832,197,925,594,NA,NA,663,48,2843,284,202,157,27,32,58,39,8,12,17,23,425,205,31.5,3.6,30.5,6,31.8,4.1,1337,134,723,131,462,87,261,106,614,139,505,122,109,60,408,102,136,54,126,79,32,23,6,10,15,17,505,122,109,60,0,11,0,11,0,11,0,11,0,11,2042,251,2042,251,1891,230,151,83,0,11,974,151,NA,NA,NA,NA,NA,NA,NA,NA,NA,NA,35685,7357,53750,3326,22009,10477,"Census Tract 106","St. Joseph County","Indiana"
"18141010800","Census Tract 108, St. Joseph County, Indiana",4575,149,1798,101,1651,90,147,68,1325,95,326,76,9,15,0,11,21,23,0,11,26.5,1.9,106100,8409,159300,9267,201900,14839,1105,65,396,30,17.9,1.4,10,NA,799,71,76500,5298,24620,6996,NA,NA,349,114,675,303,994,108,NA,NA,NA,NA,528,133,4503,158,19,24,3,4,32,41,0,11,0,11,18,16,42.7,2.5,43.6,3.2,42.1,3.8,1651,90,1216,81,1023,90,193,58,435,94,406,89,29,20,569,93,210,59,264,67,134,49,39,33,0,11,406,89,18,16,9,13,2,5,0,11,0,11,0,11,2287,177,2287,177,2189,176,98,43,0,11,1390,127,NA,NA,NA,NA,NA,NA,NA,NA,NA,NA,65150,8551,73980,6578,28036,14168,"Census Tract 108","St. Joseph County","Indiana"
"18141011000","Census Tract 110, St. Joseph County, Indiana",6832,294,2899,211,2794,172,105,108,2267,187,527,124,0,16,0,16,0,16,0,16,22,5.7,114200,9422,141100,4929,181400,16204,1124,46,329,38,17.1,2.8,10.2,2.5,893,64,77813,8462,35208,8200,NA,NA,748,51,893,52,1102,440,NA,NA,NA,NA,807,75,5949,384,620,338,20,32,33,39,0,16,113,149,97,129,44.5,2,43.4,5,46.2,3.1,2794,172,1852,162,1628,166,224,129,942,222,794,204,148,68,906,173,470,149,353,106,96,53,27,32,0,16,794,204,113,57,35,38,0,16,0,16,0,16,0,16,3716,269,3716,269,3563,265,153,86,0,16,1780,218,NA,NA,NA,NA,NA,NA,NA,NA,NA,NA,64167,7921,73085,9615,37274,8671,"Census Tract 110","St. Joseph County","Indiana"
"18141011501","Census Tract 115.01, St. Joseph County, Indiana",3679,372,2828,259,2062,252,766,214,232,103,1830,260,708,218,42,65,0,11,0,11,31.8,6.1,44400,40301,67500,26571,112700,18958,841,612,274,102,12.9,0.8,10,NA,619,46,34438,10013,22234,9774,471,25,602,37,795,62,535,520,NA,NA,NA,NA,628,51,2677,453,611,300,0,11,192,158,0,11,33,57,166,148,42.3,6.3,36.4,8.5,50.2,13.1,2062,252,601,143,469,123,132,98,1461,284,1266,278,195,117,331,140,102,68,78,92,43,56,47,49,0,11,1266,278,180,115,0,11,0,11,15,24,0,11,0,11,2109,350,2109,350,1962,354,147,94,0,11,986,209,NA,NA,NA,NA,NA,NA,NA,NA,NA,NA,28130,9434,47461,23110,21928,8632,"Census Tract 115.01","St. Joseph County","Indiana"
"18141011503","Census Tract 115.03, St. Joseph County, Indiana",1904,156,811,44,760,48,51,36,671,66,89,48,0,11,0,11,16,24,15,19,36.4,33,84900,3128,111400,21246,189100,59585,969,87,311,54,19,2.8,12.8,2.2,751,90,59536,10488,22438,16117,NA,NA,NA,NA,NA,NA,599,556,NA,NA,NA,NA,790,593,1824,145,34,49,0,11,6,9,3,5,0,11,37,39,47.4,2,45.6,6.3,47.9,5.9,760,48,465,60,348,60,117,41,295,55,211,46,84,45,244,50,80,38,54,26,64,37,23,20,0,11,211,46,79,43,0,11,5,8,0,11,0,11,0,11,927,126,927,126,841,109,86,61,0,11,633,93,NA,NA,NA,NA,NA,NA,NA,NA,NA,NA,50955,3934,51068,3715,46979,12580,"Census Tract 115.03","St. Joseph County","Indiana"
"18141011900","Census Tract 119, St. Joseph County, Indiana",4226,297,1843,142,1672,151,171,101,1408,146,264,97,0,11,0,11,0,11,100,69,17.7,4.1,100700,18269,144900,11699,213000,31636,1182,105,447,50,19,1.8,10,NA,724,97,75750,11881,32019,12615,NA,NA,686,40,NA,NA,1066,304,NA,NA,NA,NA,694,49,3732,339,160,143,0,11,22,26,11,17,63,55,238,127,45.5,4.2,43.6,2.5,49.4,7.4,1672,151,1165,114,984,110,181,78,507,116,493,113,14,15,704,112,143,58,183,67,64,44,46,32,25,22,493,113,7,12,7,11,0,11,0,11,0,11,0,11,2118,235,2118,235,2034,218,84,66,0,11,1315,186,NA,NA,NA,NA,NA,NA,NA,NA,NA,NA,57350,8794,66250,8715,41500,24291,"Census Tract 119","St. Joseph County","Indiana"
"18141012300","Census Tract 123, St. Joseph County, Indiana",3657,28,1543,144,1365,113,178,71,1127,98,238,61,34,22,8,13,9,13,0,11,21.3,4.8,96400,6819,151300,14338,244400,31565,1133,103,369,41,19,1.3,13.2,2,747,54,63438,11216,30385,7631,NA,NA,773,310,745,91,696,398,NA,NA,NA,NA,750,81,3378,182,0,11,5,7,77,69,25,34,0,11,172,152,50.7,3,48.2,6,51.3,3.1,1365,113,941,74,801,78,140,52,424,95,390,93,34,23,519,79,197,58,86,38,58,32,22,21,59,26,390,93,34,23,0,11,0,11,0,11,0,11,0,11,1873,142,1873,142,1805,142,68,37,0,11,1184,141,586700,361398,385100,307469,201500,174943,NA,NA,201500,174943,52172,5534,56875,8041,46111,18429,"Census Tract 123","St. Joseph County","Indiana"
"18141000600","Census Tract 6, St. Joseph County, Indiana",2374,324,1001,76,715,88,286,70,313,54,402,83,48,33,0,11,21,24,32,29,32.8,9.9,33400,4464,55000,7054,72600,5582,752,60,322,33,19.6,4.5,14.3,7.6,697,76,35000,13703,16890,4651,NA,NA,438,111,689,255,931,172,934,73,NA,NA,802,97,1033,219,1111,239,5,7,44,60,0,11,38,38,143,80,25.5,4.4,22.2,4.6,29.5,5,715,88,448,76,181,53,267,63,267,65,232,65,35,21,106,56,111,48,81,43,44,33,34,26,72,39,232,65,26,19,4,7,5,7,0,11,0,11,0,11,1042,132,1042,132,878,131,164,68,0,11,507,98,NA,NA,NA,NA,NA,NA,NA,NA,NA,NA,29432,6306,36917,15530,26442,7319,"Census Tract 6","St. Joseph County","Indiana"
"18141002300","Census Tract 23, St. Joseph County, Indiana",1414,212,746,46,598,63,148,56,269,67,329,74,59,44,0,11,15,25,0,11,28.6,15.9,33200,2140,44200,5369,84800,58544,739,202,277,58,18.7,11,13.1,7.9,464,155,26350,13250,14681,7098,NA,NA,339,293,NA,NA,943,395,NA,NA,NA,NA,544,340,309,166,840,223,0,11,0,11,0,11,183,124,82,61,29.8,8.1,26.8,10,33.9,7.7,598,63,333,75,83,40,250,85,265,69,223,62,42,44,164,70,122,55,18,21,23,20,6,9,0,11,223,62,42,44,0,11,0,11,0,11,0,11,0,11,575,117,575,117,460,108,115,79,0,11,504,121,985300,751822,NA,NA,985300,751822,NA,NA,985300,751822,21304,8950,45536,16286,17926,6388,"Census Tract 23","St. Joseph County","Indiana"
"18141002400","Census Tract 24, St. Joseph County, Indiana",3045,424,1170,60,938,101,232,81,441,78,497,88,56,42,9,13,52,30,39,36,37.9,6.6,28800,6446,42200,4405,54700,4318,673,41,260,91,19.2,2.8,10.1,3.6,731,41,35072,7639,20862,3460,NA,NA,687,98,810,51,811,111,915,56,NA,NA,840,38,1391,286,935,222,34,51,0,11,83,96,433,210,169,87,32.2,3.9,27.9,5,36,4.8,938,101,670,113,277,67,393,94,268,81,232,79,36,29,228,75,107,49,162,80,108,48,21,16,44,28,232,79,36,29,0,11,0,11,0,11,0,11,0,11,1385,250,1385,250,1236,221,149,75,0,11,768,138,1774800,695089,531800,359095,1243000,627380,253400,234189,989700,585863,29245,4278,35917,10660,25268,5983,"Census Tract 24","St. Joseph County","Indiana"
"18141002800","Census Tract 28, St. Joseph County, Indiana",2268,310,1001,49,846,85,155,81,502,92,344,76,42,43,0,11,21,31,0,11,32.5,19.4,37400,3301,53600,9738,82400,7794,762,39,253,56,21.5,4,10,NA,633,39,37426,13501,17639,8106,NA,NA,NA,NA,648,52,920,712,NA,NA,NA,NA,651,59,1281,290,645,196,43,38,3,5,0,11,149,107,147,99,28.6,4.7,22.7,8.5,36.3,6.9,846,85,507,113,223,83,284,84,339,102,284,88,55,57,192,91,146,69,57,34,78,38,26,32,8,14,284,88,55,57,0,11,0,11,0,11,0,11,0,11,1101,152,1101,152,1067,150,34,27,0,11,467,125,NA,NA,NA,NA,NA,NA,NA,NA,NA,NA,32344,7722,46368,8749,20051,3164,"Census Tract 28","St. Joseph County","Indiana"
"18141011301","Census Tract 113.01, St. Joseph County, Indiana",6121,466,3620,231,2856,245,764,220,1449,174,1407,204,103,109,236,181,162,136,0,16,38.5,5.3,77200,7537,107200,4850,126800,14120,849,64,384,53,18.5,2.9,10,NA,772,52,56833,13112,24534,5197,NA,NA,743,348,816,81,979,156,NA,NA,NA,NA,831,130,4801,455,734,307,176,113,296,171,0,16,64,77,50,51,33.2,3.4,31.6,2.2,36.4,7.5,2856,245,1360,164,951,163,409,116,1496,255,1259,244,237,112,781,169,284,99,219,84,45,36,31,33,0,16,1259,244,187,101,32,34,18,25,0,16,0,16,0,16,2864,375,2864,375,2734,380,130,89,0,16,2323,340,2872900,1631099,1040300,906582,1832600,1412622,NA,NA,1832600,1412622,33574,5048,53844,11021,23568,4400,"Census Tract 113.01","St. Joseph County","Indiana"
"18141011302","Census Tract 113.02, St. Joseph County, Indiana",6196,551,3131,153,2664,199,467,158,1894,159,770,176,200,128,45,70,64,49,46,73,28.3,3.9,113300,10389,145400,7246,181500,10347,1080,112,387,53,17.5,1.2,10,NA,778,42,80562,9041,35793,6003,774,21,664,47,859,42,NA,NA,649,637,NA,NA,774,59,4973,420,893,496,0,16,35,46,0,16,163,158,132,117,39,4.9,36.5,4.8,43.8,7,2664,199,1652,176,1329,179,323,137,1012,193,857,191,155,81,882,147,377,124,274,106,26,30,52,56,41,57,857,191,130,77,10,17,15,20,0,16,0,16,0,16,3243,323,3243,323,3144,307,99,75,0,16,1830,299,NA,NA,NA,NA,NA,NA,NA,NA,NA,NA,60673,4010,75042,7977,36032,9124,"Census Tract 113.02","St. Joseph County","Indiana"
"18141000200","Census Tract 2, St. Joseph County, Indiana",3682,566,1542,71,1233,137,309,116,656,141,577,138,42,48,0,11,0,11,64,70,37,10.7,45400,3772,64000,8197,99800,14524,787,79,321,133,21.5,3.8,11.5,2.4,765,28,36250,12457,21853,4278,NA,NA,NA,NA,759,71,835,81,NA,NA,NA,NA,799,54,1835,499,1564,427,0,11,0,11,0,11,75,78,208,135,30.1,4.5,27.9,6.6,32.1,5.9,1233,137,826,143,397,130,429,132,407,134,349,125,58,56,332,121,125,102,175,89,93,75,60,61,41,43,349,125,40,53,18,20,0,11,0,11,0,11,0,11,1503,329,1503,329,1268,255,235,154,0,11,929,232,NA,NA,NA,NA,NA,NA,NA,NA,NA,NA,32023,7149,44257,5836,20583,12668,"Census Tract 2","St. Joseph County","Indiana"
"18141000301","Census Tract 3.01, St. Joseph County, Indiana",2462,231,1193,39,1077,73,116,67,539,78,538,90,26,39,6,9,31,48,0,11,35.9,6.5,59500,17769,78400,4690,94800,7337,818,96,371,32,18.8,2.9,10,NA,799,47,52983,20957,30109,10225,NA,NA,543,43,870,49,932,80,NA,NA,NA,NA,852,50,1805,197,324,177,94,108,97,111,10,20,125,164,7,11,36.1,4.5,36.8,4.5,33.8,10.3,1077,73,567,81,376,72,191,89,510,96,379,80,131,82,277,77,151,74,95,45,36,28,8,14,0,11,379,80,108,81,23,26,0,11,0,11,0,11,0,11,1497,180,1497,180,1381,156,116,95,0,11,493,111,NA,NA,NA,NA,NA,NA,NA,NA,NA,NA,36875,8853,54517,5483,21937,7732,"Census Tract 3.01","St. Joseph County","Indiana"
"18141000900","Census Tract 9, St. Joseph County, Indiana",1071,148,703,43,518,62,185,65,114,27,404,67,36,36,52,42,17,26,0,11,32,5.9,52800,42102,84200,27392,137500,33005,733,253,334,93,17.7,5.3,10.4,4,833,55,49327,24368,33603,13816,NA,NA,752,271,1044,106,1288,243,NA,NA,NA,NA,883,63,806,142,141,64,0,11,27,27,0,11,36,45,61,58,33.9,3.8,32.6,5,34.6,4.8,518,62,143,38,84,29,59,25,375,70,287,60,88,43,71,25,47,26,25,22,0,11,0,11,0,11,287,60,79,44,8,8,0,11,0,11,1,3,0,11,615,103,615,103,565,101,50,37,0,11,357,103,NA,NA,NA,NA,NA,NA,NA,NA,NA,NA,40167,10720,39333,10879,41389,18289,"Census Tract 9","St. Joseph County","Indiana"
"18141002600","Census Tract 26, St. Joseph County, Indiana",3331,467,1292,50,1194,96,98,76,855,118,339,108,21,35,0,11,0,11,0,11,23.8,7.3,57100,5064,67200,4171,77400,3984,767,46,256,52,24.5,3.2,11.9,1.7,689,58,43792,4624,18958,1741,NA,NA,472,46,806,144,NA,NA,NA,NA,NA,NA,757,403,1859,367,789,313,0,11,0,11,0,11,599,339,84,83,30,6.2,23.8,12.2,32.8,5,1194,96,711,124,491,125,220,76,483,109,428,111,55,56,242,108,117,65,97,61,149,106,55,56,51,57,428,111,55,56,0,11,0,11,0,11,0,11,0,11,1390,192,1390,192,1355,192,35,37,0,11,813,202,NA,NA,NA,NA,NA,NA,NA,NA,NA,NA,33942,12445,40166,12666,NA,NA,"Census Tract 26","St. Joseph County","Indiana"
"18141003400","Census Tract 34, St. Joseph County, Indiana",4187,619,1695,111,1291,158,404,141,602,99,689,156,97,79,0,11,8,12,50,55,39.6,12.9,40200,4565,54300,7255,69200,15387,744,81,345,51,18.1,1.8,10.5,5.2,657,41,36646,4425,19219,3534,NA,NA,NA,NA,617,165,672,177,870,61,NA,NA,695,97,1927,377,1617,531,0,11,0,11,0,11,279,172,364,264,33.3,5.2,34.4,6.3,30.5,6.4,1291,158,970,150,386,119,584,148,321,93,270,88,51,37,391,123,185,85,190,98,117,59,56,71,31,25,270,88,40,38,11,19,0,11,0,11,0,11,0,11,1878,366,1878,366,1648,369,230,93,0,11,1081,281,NA,NA,NA,NA,NA,NA,NA,NA,NA,NA,33835,6422,46250,14440,22418,8485,"Census Tract 34","St. Joseph County","Indiana"
"18141003500","Census Tract 35, St. Joseph County, Indiana",2730,312,1341,45,1198,105,143,93,531,91,667,125,53,58,0,11,67,64,0,11,25.6,6.1,54400,3886,65400,4349,76800,4338,810,91,277,47,19.1,5.9,10.5,3.8,590,118,31628,5513,27461,7146,NA,NA,715,515,437,67,759,554,NA,NA,NA,NA,498,86,2076,266,442,173,18,27,0,11,0,11,49,63,145,97,32.2,2.2,32.4,4.5,32.1,2.5,1198,105,663,104,303,71,360,110,535,106,464,100,71,48,326,106,173,71,124,50,15,15,25,30,0,11,464,100,41,43,21,19,0,11,9,15,0,11,0,11,1320,197,1320,197,1217,205,103,57,0,11,684,170,NA,NA,NA,NA,NA,NA,NA,NA,NA,NA,30595,2299,37276,13490,26528,9661,"Census Tract 35","St. Joseph County","Indiana"
"18141011305","Census Tract 113.05, St. Joseph County, Indiana",4568,297,1606,99,1567,107,39,44,1520,114,47,33,26,40,0,11,0,11,0,11,15,8.9,133500,6503,167000,5656,219500,20405,1245,85,440,37,17,1.6,10,NA,897,78,98750,10062,31307,9462,NA,NA,NA,NA,NA,NA,NA,NA,NA,NA,NA,NA,NA,NA,3976,321,225,155,0,11,230,169,0,11,24,35,113,121,43.9,4.9,46.2,6,40.9,5.5,1567,107,1254,105,1118,109,136,53,313,76,284,73,29,28,617,95,241,71,156,66,149,64,78,41,13,13,284,73,19,22,10,18,0,11,0,11,0,11,0,11,2225,210,2225,210,2113,199,112,57,0,11,1317,151,NA,NA,NA,NA,NA,NA,NA,NA,NA,NA,81302,13781,81042,13577,93393,30970,"Census Tract 113.05","St. Joseph County","Indiana"
"18141011306","Census Tract 113.06, St. Joseph County, Indiana",2869,300,1223,79,1170,95,53,60,1089,95,81,56,0,11,0,11,0,11,0,11,21.7,3.5,146600,13282,219700,18006,332100,52172,1377,174,451,66,16.8,3.4,10,NA,905,142,107083,22340,57266,26159,NA,NA,NA,NA,NA,NA,1194,178,NA,NA,NA,NA,1224,178,2662,294,68,66,7,11,91,80,0,11,25,28,16,27,53.3,5.8,51.4,3.7,56.4,7,1170,95,801,103,749,108,52,34,369,92,325,87,44,29,486,100,87,44,144,48,34,25,34,45,16,18,325,87,44,29,0,11,0,11,0,11,0,11,0,11,1337,164,1337,164,1278,165,59,44,0,11,1001,148,NA,NA,NA,NA,NA,NA,NA,NA,NA,NA,85347,17651,87440,28272,68510,15883,"Census Tract 113.06","St. Joseph County","Indiana"
"18141000100","Census Tract 1, St. Joseph County, Indiana",2016,194,939,33,829,61,110,51,478,57,351,74,13,20,27,31,29,33,0,11,34.5,10.8,61000,2963,69300,3002,79700,3608,762,55,291,39,17.3,2.7,10.6,2.9,629,118,44063,8801,24732,6577,NA,NA,310,216,656,306,802,391,1171,94,NA,NA,661,246,1045,125,859,150,0,11,18,26,0,11,42,60,52,42,37.8,4.9,41.4,8.3,36.6,3.6,829,61,464,60,252,55,212,63,365,68,304,61,61,33,216,55,83,40,98,43,55,31,6,10,6,11,304,61,61,33,0,11,0,11,0,11,0,11,0,11,956,129,956,129,827,121,129,55,0,11,556,110,1072000,620864,NA,NA,1072000,620864,NA,NA,1072000,620864,35587,3848,47143,8301,18656,5415,"Census Tract 1","St. Joseph County","Indiana"
"18141000400","Census Tract 4, St. Joseph County, Indiana",2108,319,1097,65,793,87,304,87,381,85,412,92,30,34,0,11,16,25,36,41,50,NA,29000,9710,44500,10465,62400,8541,686,66,348,150,27.3,24.4,14.7,4,714,39,22273,11038,20824,2851,NA,NA,NA,NA,755,37,903,68,NA,NA,NA,NA,817,77,837,166,1063,286,10,15,0,11,0,11,66,84,132,111,33.2,7,31.5,12.1,33.8,6.7,793,87,482,100,150,70,332,84,311,84,237,62,74,56,226,82,104,52,87,49,22,24,36,39,7,11,237,62,68,55,0,11,6,8,0,11,0,11,0,11,855,179,855,179,672,161,183,65,0,11,686,149,NA,NA,NA,NA,NA,NA,NA,NA,NA,NA,21099,3981,29836,5497,NA,NA,"Census Tract 4","St. Joseph County","Indiana"
"18141001200","Census Tract 12, St. Joseph County, Indiana",2349,127,965,32,899,52,66,50,815,60,84,35,0,11,0,11,0,11,0,11,22.6,5.1,102900,5757,138500,13700,195600,20397,1143,56,428,55,16.5,3.2,10,NA,991,76,97045,14413,52063,13001,NA,NA,NA,NA,NA,NA,1455,274,NA,NA,NA,NA,1393,316,2097,163,134,110,0,11,6,8,0,11,81,58,31,28,36.2,4.5,32.8,2.7,41.9,4.2,899,52,576,49,525,51,51,23,323,60,277,56,46,31,261,51,123,48,91,34,38,17,44,26,19,12,277,56,46,31,0,11,0,11,0,11,0,11,0,11,1257,106,1257,106,1215,102,42,25,0,11,547,62,NA,NA,NA,NA,NA,NA,NA,NA,NA,NA,71302,8126,72031,7883,62813,29624,"Census Tract 12","St. Joseph County","Indiana"
"18141001700","Census Tract 17, St. Joseph County, Indiana",1372,173,966,44,780,81,186,67,88,39,692,85,128,64,28,31,0,11,0,11,28.1,1.5,61400,32806,96100,18521,156000,48312,913,248,99,NA,26.8,10.2,10.2,3.8,490,84,NA,NA,16389,2587,551,524,349,83,861,87,818,390,NA,NA,NA,NA,470,60,785,141,528,156,16,22,15,15,0,11,0,11,28,28,47.8,5.2,42.2,11.7,55.3,6.6,780,81,120,50,64,26,56,39,660,90,604,85,56,42,44,24,41,34,23,20,12,12,0,11,0,11,604,85,34,30,17,26,5,9,0,11,0,11,0,11,525,98,525,98,468,87,57,34,0,11,732,132,NA,NA,NA,NA,NA,NA,NA,NA,NA,NA,18359,3947,NA,NA,16667,2923,"Census Tract 17","St. Joseph County","Indiana"
"18141002000","Census Tract 20, St. Joseph County, Indiana",1864,305,826,56,738,70,88,49,152,49,586,77,50,44,0,11,0,11,0,11,28,5.6,29800,24795,60700,26232,79200,49273,877,96,332,90,41.8,20.3,37.4,7.1,307,36,15579,6396,12317,4005,NA,NA,210,78,NA,NA,819,691,961,890,NA,NA,266,37,471,122,1174,263,9,11,0,11,0,11,38,34,172,84,31.6,7.9,20.4,12.3,33.8,4.6,738,70,369,74,100,40,269,64,369,69,325,64,44,41,148,58,68,36,86,38,20,27,15,16,32,37,325,64,44,41,0,11,0,11,0,11,0,11,0,11,665,150,665,150,490,115,175,88,0,11,548,100,3084400,941352,622300,665632,2462100,970720,377200,347954,2085000,916731,13229,4664,18804,5806,11829,2944,"Census Tract 20","St. Joseph County","Indiana"
"18141002100","Census Tract 21, St. Joseph County, Indiana",1573,351,663,77,485,94,178,69,218,79,267,108,49,44,0,11,15,24,0,11,50,NA,21700,5121,28700,3910,41500,13580,711,325,244,50,44.7,15.1,15,7.8,711,161,11850,10864,12016,4901,NA,NA,NA,NA,749,98,793,270,NA,NA,NA,NA,798,61,270,175,1106,300,23,24,0,11,0,11,109,171,65,53,26.2,4.4,25.9,5.7,27.8,8.2,485,94,403,99,59,44,344,105,82,52,82,52,0,11,62,38,156,84,99,58,62,74,8,12,16,18,82,52,0,11,0,11,0,11,0,11,0,11,0,11,604,170,604,170,418,132,186,94,0,11,357,118,3427400,1840325,NA,NA,3427400,1840325,1321800,1528612,2105600,1157878,NA,NA,29583,14015,10078,2373,"Census Tract 21","St. Joseph County","Indiana"
"18141002200","Census Tract 22, St. Joseph County, Indiana",3389,336,1106,55,927,69,179,54,600,85,327,73,28,24,11,19,10,16,10,14,27,9.8,27900,2213,41900,5205,58600,11924,765,35,277,33,24.2,3.9,10,NA,710,51,42028,3586,27000,13164,NA,NA,NA,NA,722,44,847,151,740,433,NA,NA,742,46,2094,286,552,134,9,13,0,11,5,7,636,316,93,76,31.4,3.8,31.2,6.3,31.7,5.6,927,69,727,83,373,73,354,105,200,58,168,53,32,21,278,88,139,52,50,37,83,44,110,54,67,38,168,53,22,16,10,14,0,11,0,11,0,11,0,11,1556,211,1556,211,1341,198,215,88,0,11,798,144,NA,NA,NA,NA,NA,NA,NA,NA,NA,NA,42756,4909,45216,2990,29917,8682,"Census Tract 22","St. Joseph County","Indiana"
"18141011202","Census Tract 112.02, St. Joseph County, Indiana",8359,887,426,55,331,64,95,51,102,26,229,63,13,16,0,16,0,16,0,16,44.2,17.7,80500,12702,99400,14107,130600,15967,990,340,498,150,17.8,7.4,14.5,7.9,745,160,46250,33512,23583,2257,NA,NA,NA,NA,732,552,NA,NA,528,7,NA,NA,724,435,7017,699,258,73,8,15,704,224,0,16,43,41,329,103,20.6,0.3,20.9,0.5,20.4,0.3,331,64,96,42,81,42,15,17,235,62,99,41,136,52,93,42,0,16,0,16,3,5,0,16,0,16,99,41,124,50,5,8,7,12,0,16,0,16,0,16,3615,444,3615,444,3420,463,195,80,0,16,4734,590,NA,NA,NA,NA,NA,NA,NA,NA,NA,NA,28527,6108,64583,22522,23594,5175,"Census Tract 112.02","St. Joseph County","Indiana"
"18141011801","Census Tract 118.01, St. Joseph County, Indiana",1332,161,549,56,500,63,49,42,462,67,38,27,17,27,0,11,16,24,16,24,22.4,1.7,116800,11721,165600,14911,211400,30132,1289,142,367,30,16.1,2.1,10,NA,993,96,94250,16443,30938,17598,NA,NA,NA,NA,NA,NA,NA,NA,NA,NA,NA,NA,1097,70,1275,150,10,13,4,7,0,11,0,11,6,9,37,38,46.7,2.5,42.9,7.2,47.9,2.9,500,63,413,60,377,60,36,22,87,39,62,32,25,18,222,48,80,33,61,29,50,23,0,11,0,11,62,32,25,18,0,11,0,11,0,11,0,11,0,11,704,117,698,116,676,110,22,21,6,10,401,80,NA,NA,NA,NA,NA,NA,NA,NA,NA,NA,82000,16402,90250,20602,54091,3746,"Census Tract 118.01","St. Joseph County","Indiana"
"18141011405","Census Tract 114.05, St. Joseph County, Indiana",3810,209,1199,47,1198,47,1,12,1146,70,52,52,0,11,0,11,0,11,1,12,NA,NA,159100,4696,193500,14155,237100,8088,1360,104,457,47,16.8,2.5,10,NA,1117,95,106250,5924,48424,5150,NA,NA,NA,NA,NA,NA,NA,NA,NA,NA,NA,NA,NA,NA,3597,223,15,23,38,57,112,98,6,10,0,11,42,44,38.8,3,40.2,2.9,36.8,4.5,1198,47,1049,66,997,66,52,43,149,52,127,52,22,24,340,71,289,67,237,74,142,56,21,21,20,23,127,52,22,24,0,11,0,11,0,11,0,11,0,11,1996,141,1996,141,1967,135,29,27,0,11,824,165,NA,NA,NA,NA,NA,NA,NA,NA,NA,NA,102745,4520,103578,6451,101129,50171,"Census Tract 114.05","St. Joseph County","Indiana"
"18141011802","Census Tract 118.02, St. Joseph County, Indiana",6499,387,2898,245,2879,248,19,30,2574,238,305,97,0,16,0,16,0,16,0,16,24.7,4.9,88300,4658,128000,8278,157800,9543,1085,75,404,45,19.3,1.6,10.7,2.2,877,121,66858,7728,23581,5627,NA,NA,297,81,828,133,1102,852,NA,NA,NA,NA,462,199,6007,373,324,133,8,16,66,76,0,16,52,57,42,46,49.2,4.8,49.9,4.8,47.7,7.8,2879,248,1888,172,1521,177,367,178,991,200,961,207,30,27,1174,209,333,173,211,111,115,75,55,53,0,16,961,207,30,27,0,16,0,16,0,16,0,16,0,16,3086,277,3086,277,2887,313,199,121,0,16,2253,252,1669900,1173005,857200,1003317,812700,693016,NA,NA,812700,693016,55982,5468,57899,3189,16847,3972,"Census Tract 118.02","St. Joseph County","Indiana"
"18141011504","Census Tract 115.04, St. Joseph County, Indiana",1594,138,619,33,595,34,24,24,483,49,112,36,12,18,0,11,0,11,0,11,14.3,3.1,108400,24945,157300,9303,199600,16400,1150,156,327,22,18.8,2.4,10,NA,873,150,84205,11906,30000,8074,NA,NA,NA,NA,NA,NA,991,105,NA,NA,NA,NA,989,144,1501,140,42,45,6,9,15,17,0,11,7,10,23,25,46.3,5.2,47.5,6.4,44.7,5.7,595,34,431,43,336,45,95,34,164,40,95,28,69,30,204,41,94,34,95,32,26,19,12,12,0,11,95,28,66,29,3,6,0,11,0,11,0,11,0,11,871,96,871,96,826,98,45,25,0,11,449,80,NA,NA,NA,NA,NA,NA,NA,NA,NA,NA,72614,14940,73523,13977,58750,52816,"Census Tract 115.04","St. Joseph County","Indiana"
"18141011406","Census Tract 114.06, St. Joseph County, Indiana",5021,252,1811,58,1770,66,41,42,1592,103,178,91,0,16,0,16,27,41,6,11,16.6,15.8,135600,8081,171100,7383,218600,11968,1233,58,351,26,16.8,1.1,10,NA,1080,69,92633,5382,40913,14836,NA,NA,NA,NA,NA,NA,NA,NA,NA,NA,NA,NA,1865,436,4454,331,130,158,0,16,305,167,46,58,11,18,75,60,42.2,1.5,41.3,2.2,43.1,2.2,1770,66,1535,79,1350,89,185,69,235,75,218,75,17,17,759,105,337,97,286,71,110,50,11,16,32,33,218,75,17,17,0,16,0,16,0,16,0,16,0,16,2619,181,2607,176,2502,175,105,50,12,18,1239,152,NA,NA,NA,NA,NA,NA,NA,NA,NA,NA,89455,5633,89773,5915,68250,61113,"Census Tract 114.06","St. Joseph County","Indiana"
"18141011506","Census Tract 115.06, St. Joseph County, Indiana",5068,492,2823,90,2393,183,430,190,648,119,1745,202,291,167,81,91,0,16,43,68,23.5,3.1,75500,5105,129000,36054,174800,42404,987,207,420,216,24.1,2.3,11.4,2.8,707,48,42500,6111,32766,3790,697,688,689,22,697,100,1038,339,NA,NA,NA,NA,704,43,3968,503,676,281,0,16,93,120,0,16,248,258,83,68,35,2.1,34.7,2.2,35.3,4.4,2393,183,1188,187,663,179,525,167,1205,231,1046,216,159,89,670,167,223,112,171,113,46,60,78,62,0,16,1046,216,145,84,14,24,0,16,0,16,0,16,0,16,2406,316,2376,316,2211,323,165,100,30,43,1566,274,2068500,1330912,128400,110357,1940100,1319579,NA,NA,1940100,1319579,37939,6405,45259,3624,34704,4628,"Census Tract 115.06","St. Joseph County","Indiana"
"18141011505","Census Tract 115.05, St. Joseph County, Indiana",2871,291,1818,189,1322,156,496,132,428,67,894,143,310,114,122,72,8,12,0,11,25.3,4,149600,15876,173500,12980,207700,21101,1276,116,424,58,20.1,5,10.5,3.1,883,30,65707,6320,32019,9891,NA,NA,777,20,898,49,964,87,NA,NA,NA,NA,850,25,2395,280,127,90,22,30,119,60,0,11,28,32,180,137,31.4,1.6,30.8,3.9,31.6,2.7,1322,156,656,106,486,88,170,67,666,140,576,137,90,50,393,87,99,43,78,52,46,30,32,37,8,13,576,137,83,49,0,11,7,10,0,11,0,11,0,11,1665,177,1665,177,1574,174,91,77,0,11,747,172,NA,NA,NA,NA,NA,NA,NA,NA,NA,NA,47059,9306,76324,10782,36731,9551,"Census Tract 115.05","St. Joseph County","Indiana"
"18141011403","Census Tract 114.03, St. Joseph County, Indiana",5718,356,2258,70,2055,111,203,116,1661,118,394,100,61,72,43,70,0,16,0,16,30.8,32.8,185000,31277,262600,13382,327500,27533,1642,94,478,64,18.1,1.5,10,NA,1235,155,104292,8379,38056,15392,NA,NA,917,519,1278,180,1143,45,NA,NA,NA,NA,1193,124,4805,381,358,224,0,16,492,132,0,16,0,16,63,77,40,2.4,39.9,2.9,40.1,4.1,2055,111,1493,129,1322,137,171,78,562,124,518,121,44,43,591,112,274,107,380,109,136,79,89,57,23,33,518,121,44,43,0,16,0,16,0,16,0,16,0,16,2756,251,2756,251,2676,245,80,59,0,16,1529,223,NA,NA,NA,NA,NA,NA,NA,NA,NA,NA,89591,8950,100740,7031,40556,16371,"Census Tract 114.03","St. Joseph County","Indiana"
"18141011404","Census Tract 114.04, St. Joseph County, Indiana",7154,334,2282,77,2176,97,106,79,2131,107,45,41,35,54,0,16,0,16,0,16,13.1,35.6,179800,9902,234900,14147,369600,23361,1426,79,381,36,14.5,1.1,10,NA,1312,90,124554,12139,50446,39593,NA,NA,NA,NA,NA,NA,NA,NA,NA,NA,NA,NA,1659,361,5702,411,250,237,27,48,883,233,0,16,13,23,279,156,40,1.3,39.5,1.6,40.2,1.4,2176,97,1947,112,1788,127,159,82,229,106,199,95,30,44,613,133,363,111,608,145,261,85,73,51,29,30,199,95,30,44,0,16,0,16,0,16,0,16,0,16,3624,257,3610,256,3497,246,113,69,14,26,1505,214,NA,NA,NA,NA,NA,NA,NA,NA,NA,NA,119541,6057,119311,6479,NA,NA,"Census Tract 114.04","St. Joseph County","Indiana"
"18141011201","Census Tract 112.01, St. Joseph County, Indiana",683,135,449,33,303,53,146,43,158,37,145,36,12,13,37,41,17,21,8,12,26.9,5.5,68600,10485,87700,4844,130900,17080,847,59,300,140,18.8,3.3,10,NA,663,33,42500,12499,27292,10920,NA,NA,669,14,639,46,1286,577,NA,NA,NA,NA,676,21,547,119,39,38,3,4,83,36,0,11,4,7,7,8,31.7,3.4,30.7,2,34,8.7,303,53,150,45,115,39,35,16,153,34,102,26,51,23,82,29,45,21,15,12,8,7,0,11,0,11,102,26,37,20,4,3,2,4,8,11,0,11,0,11,297,70,295,70,283,67,12,10,2,3,278,81,NA,NA,NA,NA,NA,NA,NA,NA,NA,NA,34886,9773,55357,15329,26094,2392,"Census Tract 112.01","St. Joseph County","Indiana"
"18141001100","Census Tract 11, St. Joseph County, Indiana",4524,317,2021,64,1761,124,260,102,1182,131,579,125,44,49,50,54,0,11,0,11,30.9,8.9,72700,3762,86900,3745,112400,13473,877,40,334,54,18.2,2.4,10,NA,754,64,46172,15888,35612,4639,240,113,NA,NA,809,107,743,341,NA,NA,NA,NA,726,150,2923,248,1088,210,33,52,224,180,6,13,8,11,242,120,30.4,2.6,29.6,4.9,30.8,2.8,1761,124,1089,113,642,123,447,135,672,123,559,121,113,66,370,111,322,111,279,100,92,44,22,29,4,9,559,121,92,57,13,18,8,11,0,11,0,11,0,11,2386,218,2386,218,2150,278,236,142,0,11,1051,235,NA,NA,NA,NA,NA,NA,NA,NA,NA,NA,40683,2797,50000,12258,17477,10197,"Census Tract 11","St. Joseph County","Indiana"
"18141003000","Census Tract 30, St. Joseph County, Indiana",1496,328,817,38,533,85,284,77,261,81,272,82,64,44,0,11,10,16,0,11,29.6,12.8,23500,6769,45500,25803,68700,21525,831,255,279,61,17.9,4,10,NA,718,51,63322,17697,23667,9925,NA,NA,432,257,740,69,777,28,900,163,NA,NA,749,33,795,226,534,182,11,15,0,11,0,11,81,84,75,64,29.7,5.9,28.3,6.2,35.1,8.3,533,85,259,73,124,56,135,56,274,76,216,77,58,44,99,55,17,18,80,49,7,11,36,33,20,22,216,77,50,42,8,12,0,11,0,11,0,11,0,11,850,183,850,183,810,190,40,34,0,11,311,79,NA,NA,NA,NA,NA,NA,NA,NA,NA,NA,34922,7345,62625,47921,28750,15032,"Census Tract 30","St. Joseph County","Indiana"
"18141011701","Census Tract 117.01, St. Joseph County, Indiana",3860,282,1508,83,1299,84,209,78,1195,102,104,73,0,11,0,11,0,11,60,63,16,6.8,NA,NA,112800,7126,155600,10703,997,67,399,39,18.8,1.9,12.5,1.1,705,205,59394,11111,35104,9842,NA,NA,NA,NA,NA,NA,582,316,NA,NA,NA,NA,582,316,3442,365,154,205,155,200,23,21,0,11,59,61,27,30,37.8,4.4,36.1,5.9,40.4,5.5,1299,84,994,82,749,116,245,88,305,93,272,86,33,48,360,83,247,76,206,86,109,59,72,55,0,11,272,86,33,48,0,11,0,11,0,11,0,11,0,11,1973,215,1943,223,1879,221,64,40,30,45,1081,200,NA,NA,NA,NA,NA,NA,NA,NA,NA,NA,53813,8188,53479,7417,79500,69055,"Census Tract 117.01","St. Joseph County","Indiana"
"18141000302","Census Tract 3.02, St. Joseph County, Indiana",2431,306,1381,115,1086,165,295,141,329,89,757,158,137,101,34,53,0,11,0,11,33.2,4.7,68400,30731,128800,15286,142700,5896,1287,218,339,79,18,1.6,10,NA,700,71,35781,12490,28750,7422,675,207,627,21,740,73,824,358,NA,NA,NA,NA,697,68,1326,234,963,222,0,11,47,62,0,11,0,11,95,70,34.8,2.8,32.8,4,35.6,8.6,1086,165,567,128,235,77,332,107,519,143,446,137,73,54,300,133,128,84,107,64,32,40,0,11,0,11,446,137,42,32,31,48,0,11,0,11,0,11,0,11,1245,221,1235,219,1128,218,107,72,10,16,567,211,NA,NA,NA,NA,NA,NA,NA,NA,NA,NA,33517,4831,64432,32401,26518,5515,"Census Tract 3.02","St. Joseph County","Indiana"
"18141010300","Census Tract 103, St. Joseph County, Indiana",6365,568,2430,101,2233,146,197,125,1505,189,728,177,0,16,0,16,50,67,43,68,24.8,8.9,78400,6057,104300,8971,140800,9974,888,42,329,20,20,1.9,11.2,2.7,767,49,49291,7114,24491,8934,NA,NA,714,69,844,140,528,179,NA,NA,NA,NA,730,69,5496,587,304,146,13,20,66,74,0,16,0,16,486,278,33,5.1,35.2,6.6,32.4,5,2233,146,1592,142,1071,175,521,140,641,165,565,160,76,74,710,148,265,126,367,137,124,76,70,54,56,55,565,160,76,74,0,16,0,16,0,16,0,16,0,16,3048,313,3048,313,2803,272,245,132,0,16,1738,269,NA,NA,NA,NA,NA,NA,NA,NA,NA,NA,45679,7620,54631,4998,26000,5645,"Census Tract 103","St. Joseph County","Indiana"
"18141010400","Census Tract 104, St. Joseph County, Indiana",3368,277,1451,64,1384,82,67,54,955,120,429,112,0,11,0,11,0,11,0,11,29.9,3.3,75000,4632,98200,5476,131200,9430,918,46,396,68,19.8,4,10,NA,720,61,46454,6529,31964,3104,NA,NA,291,99,712,284,913,193,NA,NA,NA,NA,730,86,3251,296,26,31,0,11,0,11,0,11,57,88,34,43,34.8,4.8,34.1,5.9,37.3,5.2,1384,82,817,107,473,81,344,100,567,120,436,89,131,81,389,85,233,89,111,56,76,54,0,11,8,14,436,89,54,47,77,62,0,11,0,11,0,11,0,11,1789,191,1789,191,1618,181,171,89,0,11,755,111,NA,NA,NA,NA,NA,NA,NA,NA,NA,NA,40758,5770,52083,7391,28125,16863,"Census Tract 104","St. Joseph County","Indiana"
"18141011304","Census Tract 113.04, St. Joseph County, Indiana",2270,161,887,47,849,49,38,26,835,49,14,12,0,11,0,11,0,11,0,11,22,11.1,176700,6881,212000,10671,271900,18894,1511,99,493,46,15.6,2,10,NA,1178,90,121616,5466,47083,23374,NA,NA,NA,NA,NA,NA,1350,674,NA,NA,NA,NA,1350,674,2006,175,162,127,0,11,82,57,0,11,0,11,20,24,49.2,3.1,47.4,5.3,50.3,3.3,849,49,669,51,652,51,17,11,180,44,145,41,35,26,371,56,111,38,84,31,68,31,31,18,4,6,145,41,29,25,0,11,6,9,0,11,0,11,0,11,1157,103,1152,104,1089,100,63,35,5,7,720,101,NA,NA,NA,NA,NA,NA,NA,NA,NA,NA,116250,13104,117011,11602,79000,21250,"Census Tract 113.04","St. Joseph County","Indiana"
"18141011601","Census Tract 116.01, St. Joseph County, Indiana",8543,432,2916,141,2791,142,125,81,2666,163,125,83,0,16,0,16,47,58,0,16,18.5,35.6,123300,10044,157400,6064,197300,21155,1147,99,341,43,16.3,1.3,10,NA,914,57,88830,7474,36125,16117,NA,NA,NA,NA,NA,NA,NA,NA,NA,NA,NA,NA,917,538,8332,453,75,74,0,16,0,16,0,16,102,115,34,39,40.8,1.4,42.2,2.3,38.9,2.5,2791,142,2332,152,2160,181,172,84,459,118,351,99,108,67,872,151,579,155,590,146,179,87,66,48,46,35,351,99,108,67,0,16,0,16,0,16,0,16,0,16,4660,310,4660,310,4424,304,236,122,0,16,1889,239,NA,NA,NA,NA,NA,NA,NA,NA,NA,NA,85428,4637,85926,4389,NA,NA,"Census Tract 116.01","St. Joseph County","Indiana"
"18141011602","Census Tract 116.02, St. Joseph County, Indiana",7511,404,2991,103,2777,145,214,106,2107,168,670,166,93,96,17,27,0,16,24,40,22.9,3.7,94800,5843,141000,12445,196000,16851,1128,49,308,44,18.9,1,10,NA,874,40,72681,3985,34119,9380,NA,NA,784,28,826,65,1138,83,NA,NA,NA,NA,856,48,7091,421,61,58,4,9,152,208,0,16,8,12,195,163,39.1,2.2,39.2,2.5,39,3.1,2777,145,1998,158,1622,184,376,109,779,156,554,111,225,108,899,162,369,105,559,144,106,65,44,48,21,26,554,111,196,96,29,30,0,16,0,16,0,16,0,16,4084,313,4084,313,3993,304,91,55,0,16,1760,256,NA,NA,NA,NA,NA,NA,NA,NA,NA,NA,64189,7013,69035,4405,44329,11155,"Census Tract 116.02","St. Joseph County","Indiana"
"18141000500","Census Tract 5, St. Joseph County, Indiana",1338,218,747,67,520,76,227,79,335,67,185,71,34,38,20,31,0,11,59,51,36.6,21,39700,6274,50100,5921,68500,12715,830,76,344,84,24.4,3.5,12.9,4.1,769,88,35341,12690,34250,28123,NA,NA,NA,NA,832,146,895,328,NA,NA,NA,NA,863,98,338,127,897,185,10,12,5,8,0,11,4,6,84,92,42,9.3,38,13.2,42.3,9.8,520,76,363,65,211,74,152,66,157,63,122,50,35,38,198,50,77,46,55,49,26,28,7,12,0,11,122,50,35,38,0,11,0,11,0,11,0,11,0,11,611,126,611,126,526,111,85,58,0,11,458,90,741800,727570,NA,NA,741800,727570,NA,NA,741800,727570,36094,9887,41750,6623,31063,15296,"Census Tract 5","St. Joseph County","Indiana"
"18141001900","Census Tract 19, St. Joseph County, Indiana",1293,236,619,68,491,67,128,55,179,66,312,84,78,44,0,11,0,11,0,11,36.2,7.7,38900,11911,76700,11398,109400,67748,921,191,359,115,14.4,8.1,17,16.1,615,141,31653,8109,16458,12159,NA,NA,NA,NA,513,232,739,163,NA,NA,NA,NA,683,105,487,169,719,317,0,11,0,11,0,11,1,4,86,67,25.3,7.7,24.1,1.5,35.2,7.3,491,67,287,59,73,37,214,70,204,68,182,68,22,18,101,64,87,50,86,52,13,15,0,11,0,11,182,68,22,18,0,11,0,11,0,11,0,11,0,11,689,257,689,257,543,169,146,146,0,11,353,101,NA,NA,NA,NA,NA,NA,NA,NA,NA,NA,24904,7751,51806,33544,NA,NA,"Census Tract 19","St. Joseph County","Indiana"
"18141003200","Census Tract 32, St. Joseph County, Indiana",5270,458,2038,79,1892,109,146,83,1646,130,246,88,0,16,0,16,7,10,54,59,28.6,24,78600,2764,99100,5883,134600,11700,939,48,339,19,19.4,2.5,10,NA,859,33,69080,7413,43313,11056,NA,NA,NA,NA,NA,NA,909,106,NA,NA,NA,NA,909,99,4432,406,350,149,8,13,69,72,6,11,83,63,322,183,39.6,3.8,37.1,5.3,41.6,5.5,1892,109,1365,137,1082,132,283,91,527,120,461,115,66,37,611,133,360,105,240,83,116,67,24,20,14,17,461,115,37,28,8,13,21,24,0,16,0,16,0,16,2918,294,2918,294,2758,246,160,93,0,16,1221,236,NA,NA,NA,NA,NA,NA,NA,NA,NA,NA,59135,5587,63778,10509,40608,20159,"Census Tract 32","St. Joseph County","Indiana"
"18141003300","Census Tract 33, St. Joseph County, Indiana",2966,508,1260,44,1018,136,242,123,679,102,339,111,81,79,51,67,63,68,0,11,23.6,5.6,62700,2239,71000,5595,90500,6590,843,46,365,97,17.3,3.4,12.3,3.1,822,56,63869,14274,36923,10646,NA,NA,457,35,859,41,994,73,NA,NA,NA,NA,933,51,2069,258,852,476,6,10,7,12,0,11,0,11,32,34,29.6,3.2,28.1,2.3,31.6,3.2,1018,136,600,126,364,104,236,100,418,86,316,87,102,62,136,56,186,87,178,71,39,40,39,45,22,21,316,87,102,62,0,11,0,11,0,11,0,11,0,11,1524,291,1524,291,1476,292,48,42,0,11,599,133,NA,NA,NA,NA,NA,NA,NA,NA,NA,NA,50818,7496,60542,13349,42806,7666,"Census Tract 33","St. Joseph County","Indiana"
"18141011100","Census Tract 111, St. Joseph County, Indiana",4513,560,1979,213,1748,237,231,90,1354,176,394,132,0,11,0,11,0,11,19,31,23.4,3.3,57000,8032,76600,3073,93200,9413,760,72,279,32,15.2,2.4,11.5,2.1,559,74,42819,8531,32939,14507,NA,NA,NA,NA,589,34,575,463,NA,NA,NA,NA,627,206,3338,486,505,228,0,11,0,11,0,11,358,292,312,206,39.5,2.6,39.3,4.4,41.3,6.1,1748,237,1095,174,649,143,446,146,653,182,526,145,127,74,436,113,323,113,180,85,108,58,40,38,8,11,526,145,127,74,0,11,0,11,0,11,0,11,0,11,2259,399,2259,399,1997,377,262,110,0,11,1353,230,NA,NA,NA,NA,NA,NA,NA,NA,NA,NA,39133,5306,41857,6022,28750,11760,"Census Tract 111","St. Joseph County","Indiana"
"18141012000","Census Tract 120, St. Joseph County, Indiana",3850,147,1585,101,1499,98,86,52,1393,118,106,70,14,22,0,11,0,11,61,56,12.9,0.7,107600,6180,143900,13355,190000,22488,1065,130,331,24,18.5,2.1,10,NA,785,151,74610,3604,31080,7516,NA,NA,NA,NA,NA,NA,NA,NA,NA,NA,NA,NA,930,497,3717,120,56,54,2,4,11,18,0,11,34,45,30,45,51.3,1.7,50.8,1.9,52.1,2.2,1499,98,1188,89,1085,87,103,49,311,80,292,79,19,21,657,94,253,83,172,61,60,36,38,41,8,12,292,79,19,21,0,11,0,11,0,11,0,11,0,11,1960,205,1960,205,1913,216,47,44,0,11,1169,167,NA,NA,NA,NA,NA,NA,NA,NA,NA,NA,68272,9445,70240,7420,38966,26850,"Census Tract 120","St. Joseph County","Indiana"
"18141010700","Census Tract 107, St. Joseph County, Indiana",3662,392,1599,98,1498,115,101,68,1081,127,417,121,44,46,0,11,22,34,0,11,30.7,5.1,67700,5745,90400,6198,125900,13453,849,53,330,76,19.1,2.7,10,NA,775,47,51941,7742,33164,8785,NA,NA,625,114,768,325,877,134,957,19,NA,NA,841,47,3254,367,232,227,33,52,70,80,0,11,0,11,73,50,35.8,3.1,36.2,4.2,35.2,3.8,1498,115,923,127,561,107,362,120,575,140,522,126,53,52,365,87,320,88,159,80,49,33,22,32,8,14,522,126,53,52,0,11,0,11,0,11,0,11,0,11,1800,205,1800,205,1655,187,145,66,0,11,1096,193,NA,NA,NA,NA,NA,NA,NA,NA,NA,NA,45153,7403,53299,10175,29107,19326,"Census Tract 107","St. Joseph County","Indiana"
"18141011702","Census Tract 117.02, St. Joseph County, Indiana",8017,568,4550,165,3807,235,743,252,1756,177,2051,249,547,228,117,110,0,16,0,16,25,3.8,116600,16829,161100,10020,223100,46555,1132,92,432,79,15.9,2.7,11.7,2.4,741,51,53897,12822,32179,5160,591,98,630,28,807,152,796,603,NA,NA,NA,NA,649,26,6756,444,898,440,0,16,128,106,0,16,10,18,225,184,35.4,6.3,35.5,5.1,35.3,11.3,3807,235,1969,197,1485,149,484,173,1838,255,1522,256,316,131,1249,202,214,110,388,161,118,58,0,16,0,16,1522,256,289,130,27,33,0,16,0,16,0,16,0,16,4437,333,4437,333,4297,335,140,90,0,16,2190,299,NA,NA,NA,NA,NA,NA,NA,NA,NA,NA,45108,5110,81458,12481,30498,3944,"Census Tract 117.02","St. Joseph County","Indiana"
"18141012400","Census Tract 124, St. Joseph County, Indiana",2045,100,778,41,731,48,47,37,653,52,78,39,0,11,0,11,0,11,0,11,14.1,4.5,114000,17417,162600,14603,263700,29047,1169,71,415,56,19.5,2.7,10,NA,882,95,79280,6778,43553,5693,NA,NA,NA,NA,NA,NA,1125,781,NA,NA,NA,NA,831,204,2026,103,0,11,0,11,0,11,0,11,19,29,0,11,41.1,6.7,41,6.3,42.2,10.1,731,48,545,46,508,47,37,25,186,48,141,44,45,27,273,53,71,29,81,35,105,34,0,11,15,14,141,44,40,24,5,7,0,11,0,11,0,11,0,11,1018,88,1013,87,961,78,52,39,5,8,559,72,NA,NA,NA,NA,NA,NA,NA,NA,NA,NA,70063,8295,70438,7620,58750,46543,"Census Tract 124","St. Joseph County","Indiana"
"18141000700","Census Tract 7, St. Joseph County, Indiana",1689,236,830,50,627,73,203,69,347,51,280,75,55,43,14,23,13,20,0,11,32,16,67200,11556,101700,36556,159300,20497,1069,106,429,92,14.8,1.8,12.9,4,744,163,56429,23283,26414,4933,NA,NA,518,106,634,19,1022,331,2429,2060,NA,NA,649,133,1205,221,269,137,0,11,17,20,0,11,122,96,76,63,34.7,3.7,32.8,4.9,40.3,7.8,627,73,354,63,213,58,141,49,273,73,175,57,98,47,161,54,102,44,73,34,5,8,13,15,0,11,175,57,61,44,14,16,0,11,12,15,0,11,11,12,974,137,974,137,907,123,67,41,0,11,494,137,392800,312770,NA,NA,392800,312770,NA,NA,392800,312770,44327,11105,73958,26270,24028,3784,"Census Tract 7","St. Joseph County","Indiana"
"18141000800","Census Tract 8, St. Joseph County, Indiana",1782,101,837,31,769,49,68,34,623,50,146,41,20,24,0,11,0,11,0,11,24.3,11.2,93900,6189,135300,13892,191100,13709,1085,86,391,39,13.6,1.3,10.2,2.3,830,88,91548,7867,49792,11004,NA,NA,592,187,1075,116,1281,203,NA,NA,NA,NA,995,360,1622,114,82,54,0,11,51,53,0,11,9,13,18,23,37.8,3.3,37,4,38.8,3.9,769,49,446,54,386,52,60,27,323,65,247,47,76,44,230,50,87,31,88,33,9,10,24,13,8,7,247,47,67,43,9,9,0,11,0,11,0,11,0,11,1075,92,1075,92,1012,82,63,36,0,11,371,69,NA,NA,NA,NA,NA,NA,NA,NA,NA,NA,75417,11979,81750,9814,50375,28720,"Census Tract 8","St. Joseph County","Indiana"
"18141001600","Census Tract 16, St. Joseph County, Indiana",2171,140,937,31,843,47,94,40,735,51,108,41,12,19,25,27,0,11,0,11,24.8,11,104800,9156,149300,10659,210700,38905,1153,61,433,35,16.5,3,10,NA,1005,85,1e+05,10863,40066,9269,NA,NA,NA,NA,1054,118,1200,217,NA,NA,NA,NA,1092,91,2080,166,68,57,8,13,7,12,0,11,0,11,8,11,42.1,2.1,41.3,3.4,42.7,4.1,843,47,568,57,462,47,106,39,275,57,234,54,41,29,323,57,95,37,87,29,38,23,19,15,6,10,234,54,41,29,0,11,0,11,0,11,0,11,0,11,1188,80,1183,80,1176,79,7,10,5,9,531,104,NA,NA,NA,NA,NA,NA,NA,NA,NA,NA,77981,10370,84464,12847,46250,20592,"Census Tract 16","St. Joseph County","Indiana"
"18141002500","Census Tract 25, St. Joseph County, Indiana",2494,288,816,34,771,40,45,29,578,61,193,58,19,27,0,11,5,8,14,22,27.7,14.3,42900,5286,63900,14015,87800,6156,789,84,284,16,24.9,8.1,10,NA,694,60,43256,7625,25461,5424,NA,NA,645,145,820,159,835,149,924,53,NA,NA,843,40,1181,197,741,245,0,11,0,11,0,11,303,146,269,130,34.5,2.3,34.1,2.3,36,6.2,771,40,592,63,356,60,236,59,179,49,142,47,37,28,271,69,50,37,122,57,101,44,36,25,12,20,142,47,37,28,0,11,0,11,0,11,0,11,0,11,1125,146,1125,146,996,112,129,100,0,11,729,130,1034500,659336,247300,252203,787200,584701,437100,518678,350100,372355,40897,4811,43158,8689,36450,6560,"Census Tract 25","St. Joseph County","Indiana"
"18141010100","Census Tract 101, St. Joseph County, Indiana",2693,280,1239,57,1044,86,195,78,766,81,278,84,25,34,0,11,0,11,38,50,23.8,3.3,52900,6828,66500,3149,83300,5792,776,71,299,29,24.7,5.2,14.8,2.9,706,48,40129,10459,29620,9876,NA,NA,NA,NA,758,84,847,36,NA,NA,NA,NA,820,39,2378,300,133,113,6,9,32,29,0,11,0,11,144,86,37.5,2.6,35.3,2.9,40.9,4.1,1044,86,623,86,447,86,176,72,421,81,338,67,83,44,299,78,71,44,150,66,70,36,15,18,18,18,338,67,83,44,0,11,0,11,0,11,0,11,0,11,1229,180,1229,180,1153,176,76,53,0,11,861,127,1783200,1003448,1230400,880710,552800,534016,NA,NA,552800,534016,37344,4873,36280,5749,39737,10970,"Census Tract 101","St. Joseph County","Indiana"
"18141010200","Census Tract 102, St. Joseph County, Indiana",5003,516,2792,104,2430,191,362,179,1318,138,1112,224,64,73,0,16,70,77,37,59,32.3,11.4,61800,4793,77000,5067,90000,7631,785,77,355,87,19,2.7,11.1,4.3,588,46,49449,11782,22420,3569,NA,NA,539,40,708,291,990,257,NA,NA,NA,NA,565,43,4551,483,374,264,25,39,15,29,0,16,0,16,38,33,42.2,3.1,41.9,8,43.3,8.6,2430,191,909,154,558,145,351,112,1521,226,1275,199,246,145,326,110,312,125,113,80,86,57,49,40,23,27,1275,199,246,145,0,16,0,16,0,16,0,16,0,16,2438,299,2438,299,2249,289,189,96,0,16,1619,241,1846200,1677440,690000,926938,1156300,1069524,NA,NA,1156300,1069524,31923,6185,45484,6480,20507,6690,"Census Tract 102","St. Joseph County","Indiana"
"18141012100","Census Tract 121, St. Joseph County, Indiana",3835,35,1612,88,1491,82,121,62,1081,83,410,90,8,13,0,11,37,33,8,13,33.9,7.1,85100,3953,134900,13591,207900,23114,1111,71,389,24,19.5,1.5,10,NA,769,105,61477,8004,27938,8394,NA,NA,439,172,646,249,818,426,1097,225,NA,NA,641,71,3786,52,0,11,0,11,8,8,0,11,29,33,12,20,37.9,3.3,36.1,5.1,39.8,3.4,1491,82,1050,62,790,75,260,66,441,98,392,92,49,39,494,83,216,73,227,61,68,32,33,24,12,15,392,92,23,17,23,35,3,4,0,11,0,11,0,11,1775,119,1749,117,1703,116,46,28,26,33,1103,127,NA,NA,NA,NA,NA,NA,NA,NA,NA,NA,54018,4664,65399,6403,17457,3500,"Census Tract 121","St. Joseph County","Indiana"
"18141003100","Census Tract 31, St. Joseph County, Indiana",3877,489,1661,50,1250,132,411,132,686,121,564,135,185,108,0,11,0,11,0,11,42.2,8.9,32600,2593,46800,10311,75100,15402,787,79,308,31,16.9,3.9,10,NA,732,33,39219,8618,28598,7372,NA,NA,844,549,717,134,770,18,917,145,NA,NA,759,29,2807,414,610,281,10,15,222,151,0,11,165,112,63,65,29.3,2.9,26.3,4.2,31.5,3,1250,132,795,117,367,89,428,123,455,110,344,90,111,67,232,81,369,111,162,75,32,28,0,11,0,11,344,90,51,34,60,64,0,11,0,11,0,11,0,11,2092,326,2092,326,1819,314,273,122,0,11,1058,252,NA,NA,NA,NA,NA,NA,NA,NA,NA,NA,37578,4463,56500,13482,19693,7559,"Census Tract 31","St. Joseph County","Indiana"
"18141011303","Census Tract 113.03, St. Joseph County, Indiana",5909,457,2519,175,2323,184,196,149,1773,179,550,130,0,16,0,16,0,16,0,16,23.7,4.6,83700,6939,105200,7591,140900,11584,905,68,286,27,20.4,2.1,10,NA,722,62,62997,7488,27895,8495,NA,NA,187,92,772,24,865,232,592,580,NA,NA,765,55,5023,429,714,222,17,27,39,55,0,16,73,93,43,45,44.2,3,41.7,3.2,44.8,5.4,2323,184,1555,148,1279,154,276,125,768,165,624,161,144,88,765,145,314,131,381,129,69,60,26,31,0,16,624,161,121,83,13,23,10,17,0,16,0,16,0,16,2946,310,2946,310,2775,316,171,113,0,16,2023,369,NA,NA,NA,NA,NA,NA,NA,NA,NA,NA,50859,6988,57533,7070,41736,9181,"Census Tract 113.03","St. Joseph County","Indiana"
"18141012200","Census Tract 122, St. Joseph County, Indiana",3086,102,1302,62,1217,67,85,63,955,61,262,54,11,17,0,11,0,11,10,16,25.8,5.9,77200,5017,106800,9780,155500,15091,942,46,365,14,19.4,2.2,12.8,2.7,717,38,62917,12076,24091,3602,NA,NA,580,153,667,57,788,125,NA,NA,NA,NA,666,28,3045,104,9,21,8,9,0,11,0,11,15,18,9,9,41,1.9,40,4,41.5,2.4,1217,67,801,58,621,63,180,37,416,64,413,64,3,5,405,71,130,40,159,43,67,28,16,13,24,18,413,64,0,11,3,5,0,11,0,11,0,11,0,11,1632,121,1632,121,1494,103,138,60,0,11,793,93,NA,NA,NA,NA,NA,NA,NA,NA,NA,NA,44272,4407,52841,9346,27206,15119,"Census Tract 122","St. Joseph County","Indiana"
"18141001000","Census Tract 10, St. Joseph County, Indiana",2952,370,1654,88,1054,122,600,129,476,76,578,107,62,53,71,59,21,34,0,11,27.6,2.6,45000,20936,78000,10482,120800,56986,947,60,291,63,20,8.1,10,NA,814,83,39236,4762,33125,5621,NA,NA,1417,462,876,108,872,107,859,267,NA,NA,884,61,1551,273,1114,243,79,104,42,50,0,11,102,89,64,44,24.8,2.5,22.8,1.6,31.2,6,1054,122,510,82,245,68,265,72,544,107,379,96,165,63,177,58,113,55,133,72,66,56,21,16,0,11,379,96,104,55,35,27,19,19,0,11,7,10,0,11,1483,245,1483,245,1416,242,67,56,0,11,779,150,NA,NA,NA,NA,NA,NA,NA,NA,NA,NA,38079,6880,43182,8341,32353,6958,"Census Tract 10","St. Joseph County","Indiana"
"18141001400","Census Tract 14, St. Joseph County, Indiana",3064,324,1657,52,1355,122,302,103,837,125,518,130,102,75,0,11,68,63,0,11,27.6,7.7,54400,5863,67800,4383,85600,8242,806,76,274,16,20.6,1.7,12.3,2.3,699,56,44896,12699,29655,5524,NA,NA,711,143,693,88,997,120,NA,NA,NA,NA,725,73,2284,318,516,175,0,11,0,11,0,11,13,17,251,130,38,3.7,38.7,1.6,33.9,5.4,1355,122,699,123,472,115,227,100,656,131,487,112,169,78,294,86,219,105,111,79,65,38,10,20,0,11,487,112,155,76,14,21,0,11,0,11,0,11,0,11,1700,284,1700,284,1549,250,151,100,0,11,765,189,NA,NA,NA,NA,NA,NA,NA,NA,NA,NA,36806,9441,42220,4674,28194,6792,"Census Tract 14","St. Joseph County","Indiana"
"18141002900","Census Tract 29, St. Joseph County, Indiana",1188,208,426,30,332,42,94,38,171,52,161,53,25,22,8,12,8,12,0,11,50,NA,43600,3640,54600,27695,98300,22904,1054,253,374,87,22.8,3.2,13.4,6.6,670,57,38218,2658,NA,NA,NA,NA,NA,NA,667,241,628,38,NA,NA,NA,NA,658,44,394,142,618,157,0,11,0,11,0,11,78,83,98,69,29.1,4.3,21.9,7.2,31.7,9.7,332,42,271,47,93,45,178,56,61,34,58,33,3,7,79,46,97,40,49,35,34,31,7,11,5,8,58,33,3,7,0,11,0,11,0,11,0,11,0,11,520,100,520,100,462,93,58,37,0,11,327,84,NA,NA,NA,NA,NA,NA,NA,NA,NA,NA,37222,2515,43417,20465,NA,NA,"Census Tract 29","St. Joseph County","Indiana"
"18141001300","Census Tract 13, St. Joseph County, Indiana",2194,303,1379,68,1034,106,345,100,558,78,476,115,301,97,44,47,0,11,0,11,28.3,5,23500,5506,76900,9146,100200,14388,978,105,383,106,21.2,3.4,10,NA,723,52,50913,5934,26982,5021,NA,NA,630,30,756,37,850,496,NA,NA,NA,NA,738,48,1511,172,583,280,0,11,27,27,10,17,14,21,49,42,37.4,5.8,38.6,6.2,36.5,7.8,1034,106,493,98,319,72,174,85,541,92,505,90,36,31,240,74,99,52,91,32,63,52,0,11,0,11,505,90,36,31,0,11,0,11,0,11,0,11,0,11,1154,185,1144,187,1025,160,119,62,10,16,577,115,854200,886970,NA,NA,854200,886970,NA,NA,854200,886970,36800,8301,47857,9544,26328,10982,"Census Tract 13","St. Joseph County","Indiana"
